,í‰ì ,ë‚ ì§œ,í›„ê¸°
0,3.3,2024.04.13.,ì¶”ê°€ìš”ê¸ˆ í—¬
1,4.1,2024.04.12.,It is extremely well taken care of and organized. Superior programs and performances! The landscape and even the food was amazing! I have visited twice there and I was surprised that the second experience was even better!
2,5.0,2024.04.11.,ì¦ê²ê²Œ ë‹¤ë…€ì™”ìŠµë‹ˆë‹¤.  ì‚¬ëžŒì´ ë¶ì ë¶ì í•´ì„œ ì¢‹ì•˜ì–´ìš”.
3,4.6,2024.04.06.,êµ¿
4,4.2,2024.04.06.,
5,4.2,2024.03.31.,
6,4.0,2024.03.28.,ê¸°ëŒ€í•œê²ƒë³´ë‹¨ ì¢‹ì•˜ì§€ë§Œ ë°¥ì´ ë„˜ ë§›ì—†ê³  ëˆˆíƒ±ì´ê°™ì€ ê¸°ë¶„ì´ì—ˆì–´ìš”. ê³³ê³³ì—ì„œ ê³µì—°í•˜ì‹œëŠ” ë¶„ë“¤ ì •ë§ ë©‹ìžˆì—ˆìŠµë‹ˆë‹¹
7,1.0,2024.03.26.,"ì•„ì£¼ ëˆëœ¯ì–´ë¨¹ëŠ” ìž¥ì†Œ. 
ìž…ìž¥ë£Œë„ ëª¨ìž˜ë¼ì„œ ê°€ëŠ” ê³³ë§ˆë‹¤ ì¶”ê°€ìš”ê¸ˆì„ ë°›ë„¤ìš”. ì™¸êµ­ì¸ë“¤ ëˆˆíƒ±ì´ ì”Œìš¸ë¼ê³  ìž‘ì •í•œê±´ê°€.."
8,5.0,2024.03.24.,"ì˜›ì‚¬ëžŒë“¤ì˜ í’ê´‘ê³¼ í˜„ëŒ€ë¬¸ëª…ì´ ì ì ˆí•œ ì¡°í™”ë¥¼ ì´ë£¬
ê³³ìž…ë‹ˆë‹¤ 
ì„¹ì…˜ë§ˆë‹¤ ê¸°íšì´ ìž˜ë˜ìžˆì–´ ìƒë‹¹í•œìž¬ë¯¸ê°€ ìžˆì—ˆìŠµë‹ˆë‹¤
ìž˜ë³´ê³  ì™”ìŠµë‹ˆë‹¤
ê³„ì ˆë³„ë¡œ ë˜ë°©ë¬¸í•˜ê³  ì‹¶ìŠµë‹ˆë‹¤"
9,4.2,2024.03.23.,"ì•„ì´ë“¤ ë†€ì´ê¸°êµ¬ íƒˆìˆ˜ìžˆì–´ìš”.
ìœ ì•„ë°©(ìˆ˜ìœ ì‹¤) ê¹¨ë—í•˜ê²Œ ìž˜ ê´€ë¦¬ë˜ì—ˆìžˆì—ˆê³  ë„“ê³  ì¾Œì í•´ìš”.   ì•„ì´ê°€ íž˜ë“¤ì–´ í• ë•Œ ì‰´ìˆ˜ ìžˆì–´ì„œ ì¢‹ì•„ìš”."
10,4.0,2024.03.21.,í•œë³µëŒ€ì—¬í•˜ê³  ë†€ë©´ ìž¬ë°Œì–´ìš”. ì‹ì‚¬ì•ˆí•œë‹¤ëŠ” ì „ì œí•˜ì— ì†Œìš”ì‹œê°„ì€ ë°˜ë‚˜ì ˆ ë³´ë©´ ì¢‹ì„ë“¯!
11,4.8,2024.03.20.,
12,4.3,2024.03.19.,
13,1.0,2024.02.27.,"ê°„ì‹ ê°’ì´ ì™„ì „ ë°”ê°€ì§€. êµ­ë°¥ê±°ë¦¬ ì•žì— ìžˆëŠ” ê°„ì‹ì§‘ì—ì„œ ì½œíŒì´ë¼ëŠ”ê±° í•˜ë‚˜ ì£¼ë¬¸í–ˆëŠ”ë° ì½œë¼ í•œ ìº” ì¢…ì´ ì»µì— ë¶€ì–´ ë†“ê³ , ì¢…ì´ì»µ ìœ„ì— ìž‘ì€ í”Œë¼ìŠ¤í‹± ë§ˆê°œì— íŠ€ê¹€ ëª‡ ê°œ ì˜¬ë ¤ì„œ 5ì²œì›. ì•„ë¬´ë¦¬ ê´€ê´‘ì§€ë¼ì§€ë§Œ ë„ˆë¬´í•œë“¯ìš”. ê·¸ë¦¬ê³  ì†Œì›, íŽ¸ì§€ ì“°ëŠ” ê³µê°„ì´ ë„ˆë¬´ ë¹„ì¢ì•„ ì‚¬ëžŒë“¤ì—ê²Œ ì¹˜ìž…ë‹ˆë‹¤. ê´€ë¦¬ìš”ë§ìš”!"
14,4.9,2024.02.18.,"í•œë³µëŒ€ì—¬ë„ ì¢‹ì•˜ê³  ë†€ì´ê¸°êµ¬ë„ ê½¤ ìž¬ë¯¸ìžˆë„¤ìš”!!
ì˜¤ëž«ë§Œì— êµ¬ê²½í•˜ê³  ì˜¤ë ¤ë‹¤ ë†€ì´ë™ì‚° ë‹¤ë…€ì˜¨ì¤„ ì•Œì•˜ì–´ìš”!! ì •ë§ ì¢‹ë„¤ìš”!!"
15,4.1,2024.02.14.,ë‚¨ì´ ë§Œë“¤ì–´ ë†“ì€ ì‹œì„¤ì„ ë…ìž¬ìž ë°•ì”¨ ì¼ê°€ê°€ ë”ëŸ¬ìš´ ë°©ë²•ìœ¼ë¡œ ë‚ ë¡œ ë¨¹ì—ˆë‹¤. ì´í›„ë¡œ ë°•ì”¨  ì¼ê°€ì˜ ë§ˆë¥´ì§€ ì•ŠëŠ” ëˆì¤„ ì—­í™œì´ ë˜ì–´ì˜¨ ê³³ì„ ëˆˆ ë¨¼ êµ­ë¯¼ë“¤ì€ ì œ ëˆ ì£¼ê³  ë•ê³  ìžˆë‹¤.
16,5.0,2024.02.12.,ë‚ ì”¨ ì¢‹ì€ ë‚  ì•„ì´ë“¤ê³¼ ë°©ë¬¸í•˜ê¸° ì¢‹ì€ ëŒ€í•œë¯¼êµ­ ëŒ€í‘œ ê´€ê´‘ì§€ë„¤ìš”. í•œêµ­ì˜ ì•„ë¦„ë‹¤ì›€ê³¼ ë©‹ì„ ì•Œ ìˆ˜ ìžˆëŠ” ê³³ìž…ë‹ˆë‹¤.
17,5.0,2024.02.11.,ì•„ì´ë“¤ê³¼ ê°€ê¸°ì¢‹ì•„ìš”
18,4.2,2024.02.11.,
19,5.0,2024.02.08.,ì˜ì™¸ë¡œ ë†€ê¸° ê´œì°®ì•˜ì–´ìš”~!
20,4.1,2024.02.01.,ì˜¤ëžœë§Œì— ë°©ë¬¸ í–ˆëŠ”ë° ë³¼ë§Œí•œê²Œ ê·¸ë‹¥~ã… 
21,5.0,2024.02.01.,"ê°€ì„±ë¹„ê°€ ë„ˆë¬´ ì¢‹ì•„ìš” 
ë‹¤ì–‘í•œ ë³¼ê±°ë¦¬ ë†€ê±°ë¦¬ì— ì¦ê±°ìš´ ì‹œê°„ì„ ë³´ëƒˆì–´ìš”"
22,1.0,2024.01.29.,í˜„ìž¥ì—ì„œ êµ¬ë§¤í•˜ëŠ”ê²Œ ë” ì €ë ´í•´ìš” ã…‹ã…‹ã…‹
23,5.0,2024.01.29.,ì°ë§¤ ë„ˆë¬´ ìž¬ë°Œê²Œ ìž˜ íƒ€êµ¬ ì™”ìŠµë‹ˆë‹¤! ë‚®ì€ ê³³ì´ëž‘ ë†’ì€ ê³³ ìžˆì–´ì„œ ì–´ë¦°ì´ ì–´ë¥¸ ëª¨ë‘ ë‹¤ ì¦ê²ê²Œ ì¦ê¸¸ ìˆ˜ ìžˆì–´ìš”!
24,3.2,2024.01.27.,
25,5.0,2024.01.25.,
26,4.2,2024.01.16.,
27,4.0,2024.01.14.,"ê°€ëŠ” ë‚ ì´ ìž¥ë‚ 
ì–´ë¦°ì´ ë‹¨ì²´ ì†ë‹˜ ë„ˆë¬´ ë§Žì´ ìžˆì–´ì„œ ì• ë“¤ ëˆˆì°ë§¤ í•œë²ˆë„ ëª»íƒ
ê·¸ëž˜ë„ ê·¸ì™¸ êµ¬ê²½ì€ ìž¬ë¯¸ìžˆì—ˆìŒ."
28,5.0,2024.01.12.,
29,3.9,2024.01.11.,
30,3.7,2024.01.11.,
31,4.0,2024.01.04.,ëˆˆì°ë§¤ìž¥ ìž¬ë¯¸ìžˆì—ˆëŠ”ë° ë¡œí”„íŠ¸ê°€ ì—†ì–´ì„œ íž˜ë“¤ì—ˆìŠµë‹ˆë‹¤.. ì•ˆì— ë¶€ì§€ê°€ ì—„ì²­ í¬ë”ë¼ê³ ìš” ì—¬ë¦„ì´ë‚˜ ê°€ì„ì— ê°€ë©´ ë” ì¢‹ì„ ê²ƒ ê°™ì•„ìš”!
32,4.9,2024.01.03.,
33,5.0,2024.01.01.,"ì•„ì¹¨ë¶€í„° ì„œë‘˜ëŸ¬ê°„ê³³
ë†€ì´ê¸°êµ¬ì— ëˆˆì°ë§¤ì— ë³¼ê±°ë¦¬ ë†€ê±°ë¦¬ ë¨¹ê±°ë¦¬ê°€
í’ì„±í•´ì„œ ì‹œê°„ê°€ëŠ”ì¤„ë„ ëª¨ë¥´ê³  ë„ˆë¬´ ì¦ê²ê²Œ
ë†€ë‹¤ì™”ìŠµë‹ˆë‹¤"
34,3.2,2023.12.31.,"ê¸°ëŒ€ ì ˆëŒ€í•˜ê³  ê°€ì§€ë§ˆë¼
ìŒì‹ ì ˆëŒ€ ì‚¬ë¨¹ì§€ë§ˆ
ì˜›ë‚  ìœ íŠœë¸Œì— ë‚˜ì™”ë˜ê±° 1ë„ ì—†ìŒ
ì‹¤ë§ ì‹¤ë§ ëŒ€ì‹¤ë§"
35,5.0,2023.12.29.,ì‹œì„¤ ì•ˆí•˜ëŠ”ê²Œ ë„ˆë¬´ ë§Žì§€ë¨¼ ì°ë§¤ ìž¬ë°Œì–´ìš”
36,3.0,2023.12.27.,ë‹¤ë¥¸ ê±´ ë‹¤ ì¢‹ì€ë° ëˆˆì°ë§¤ìž¥ë§Œ ë„ˆë¬´ íž˜ë“¤ì—ˆë„¤ìš” ë¬´ê±°ìš´ íŠœë¸Œë¥¼ ì§ì ‘ ë“¤ê³  ë¨¼ ì˜¤ë¥´ë§‰ê¸¸ì„ ì˜¬ë¼ê°€ íƒ€ì•¼ë§Œ í•œë‹¤ëŠ”ê²Œ.. íž˜ë“¤ì§€ ì•Šê²Œ íƒˆìˆ˜ ìžˆëŠ” ê·¸ëŸ° ì‹œìŠ¤í…œì´ ê°–ì¶°ì ¸ ìžˆìœ¼ë©´ ì¢‹ê² ìŠµë‹ˆë‹¤
37,4.9,2023.12.26.,"ê³„ì ˆë³„ ì´ë²¤íŠ¸ ìžˆì–´ì„œ ê°ˆë§Œí•¨.
ìˆ˜ë„ê¶Œì—ì„œ ê²½ë¶€ê³ ì†ë„ë¡œë•ë¶„ì— ì˜¤ëž˜ê±¸ë¦¬ì§€ëŠ” ì•ŠìŒ.
í•œêµ­ì˜ ì „í†µ ê°€ì˜¥ë“¤ êµ¬ê²½í•˜ê¸°ì—” ì¢‹ìŒ
ë‚˜ë¨¸ì§„ ê·¸ëƒ¥ ì¼€ë°”ì¼€ë¡œ ë°˜ë°˜ í‰íŒ.
í•œë³µëŒ€ì—¬ì‹œê°„ì€ ë‚´ë¶€ë³´ë‹¤ ì™¸ë¶€ê°€ ëŒ€ì—¬ì‹œê°„ ê¸¸ë‹¤ê³  í•¨.
ë‚˜ë¦„ í•˜ê³ ì‹¶ì€ê±° ë‹¤ í•˜ê¸° ìœ„í•´ì„œëŠ” ì§€ë„ëŠ” ê¼­ ê°€ì§€ê³  ê°€ì‹œê³   ì™¼ìª½ê¸¸ë¡œ ì­‰ ì•ˆìª½ê°€ëŠ”ë° ì¤‘ê°„ ëŒ€ë¬¸ ë“¤ì–´ê°€ì„œë„ ì™¼ìª½ìœ¼ë¡œ ê°€ì•¼  ê°”ë‹¤ê°€ ë‹¤ë¦¬ê±´ë„ˆì„œ ì˜¤ë¥¸ìª½ íˆ¬ì–´ ëê¹Œì§€ í•˜ì‹œê³  , ì „ì²´ ëŒì•„ë³´ë ¤ë©´ ê·¸ëƒ¥ ê±·ê³ ë³´ëŠ”ê²ƒë§Œ 30ë¶„ì´ìƒ ê±¸ë¦¼. 

í¡ì—°ì‹¤ì€ ë‚´ë¶€ 3êµ°ë° ìžˆìŒ.
ì ˆëŒ€ ì—°ì´ˆ í”¼ì‹¤ê²½ìš° ë‚´ë¶€ í¡ì—°êµ¬ì—­ì™¸ì—ëŠ” ì¡°ì‹¬í•˜ì„¸ìš”
ì „ë¶€ ì§šë“¤ì´ êµ°ë° êµ°ë° ìžˆì–´ì„œ í™”ìž¬ê°€ ìœ„í—˜í•©ë‹ˆë‹¤.
ì „ìžë‹´ë°°ë„ ì¡°ì‹¬í•´ì£¼ì„¸ìš”.

í™”ìž¥ì‹¤ì€ ê¸¸ì„ íƒë§Œ ìž˜í•˜ë©´ ê°€ê¹Œìš´ë°ë¡œ ê°ˆìˆ˜ìžˆìŒ.

ì£¼ê°„ ì•¼ê°„ ì‚¬ì§„ëª…ì†Œ í¬ì¸íŠ¸ë“¤ì´ ìžˆìœ¼ë‹ˆ 
ìž˜ ì°¾ì•„ê°€ì„¸ìš”.

ë¯¼ì†ì´Œì€ ì‹œê°„ì„ ë„‰ë„‰í•˜ê²Œ ê°€ì§€ê³  
ê·¸ë¦¬ê³  ì²œì²œížˆ ê±¸ìœ¼ë©´ì„œ ëŒì•„ë‹¤ë‹ˆì…”ì•¼í•©ë‹ˆë‹¤.

ë‚´ë¶€ ë¹ ë¥¸íˆ¬ì–´ëŠ” ì–´ë µìŠµë‹ˆë‹¤.

ì „í†µê°€ì˜¥ì´ ë§Žë‹¤ë³´ë‹ˆ ê°€ë” ì‚¬ê·¹ì´¬ì˜ë„ ë§ˆì£¼ì¹ ìˆ˜ìžˆìŠµë‹ˆë‹¤ ã…Ž 

ë‚˜ë¦„ ì˜¤ëž˜ëœ í•œì‹ê°€ì˜¥ë“¤ì´ë‹¤ë³´ë‹ˆ ê·¸ë¦¬ê³  ë¯¼ì†ì´Œ êµ¬ì„±ì´ ì™¸ë¶€ë‹¤ë³´ë‹ˆ ì•¼ìƒì ì´ë¼ ê¸¸ ê³ ì–‘ì´ë“¤, ë²Œë ˆ ê³¤ì¶© ë“±ë“±
ë§ŽìŠµë‹ˆë‹¤ã…¡
ì—¬ë¦„ ë°©ë¬¸ í•˜ì‹¤ê²½ìš° ì°¸ê³ í•˜ì„¸ìš”
ê²¨ìš¸ì—” ê²¨ìš¸ ë‚˜ë¦„ ë¶„ìœ„ê¸°ê°€ ìžˆìœ¼ë‹ˆ ê·¸ê²ƒë„ ì°¸ê³ í•˜ì„¸ìš”^-^"
38,5.0,2023.12.26.,ë‹¤ì±„ë¡œìš´ ì²´í—˜ê³¼ ìž¬ë¯¸ê°€ ìžˆì–´ ì•„ì´ì™€ í•¨ê»˜ ì¦ê±°ìš´ í¬ë¦¬ìŠ¤ë§ˆìŠ¤ë¥¼ ë³´ëƒˆìŠµë‹ˆë‹¤.
39,5.0,2023.12.25.,ì‚¬ëžŒë„ ë§Žì´ ë¶ë¹„ì§€ ì•Šê³  ì•„ì´ë“¤ì´ëž‘ ì¦ê¸°ê¸° ì¢‹ì•˜ì–´ìš”â™¡
40,5.0,2023.12.25.,ì¢‹ì•„ìš”^^ë˜ ê°€ê³ ì‹¶ì–´ìš”~~
41,3.0,2023.12.24.,"ëˆˆì°ë§¤ìž¥ì€ ì•ˆì „ì´ ë³´ìž¥ì´ ì•ˆë¨  

ì§„ì§œ  ì¿ ì…˜ìžˆëŠ”ë°ëŠ˜ íŒŒì´í”„ë¡œ ëŒ€ì¶© í•´ë†”ì„œ ê·¸ íŒŒì´í”„ì—  ë°•ì•˜ìŒ  ë„ˆë¬´ ì•„í”” ì•ˆì „ê´€ë¦¬ìžë„ ë‹¤ì¹˜ê³   ë‚œë¦¬ì˜€ìŒ

í•˜ì§€ë§Œ ë²¨íŠ€ë‚˜ ê³µì—°ë“¤ì€ ë„ˆë¬´ì¢‹ì•„ì”€"
42,2.3,2023.12.21.,"ê²¨ìš¸ì˜ ë¯¼ì†ì´Œ ë‹¨ë”” ì‹¸ë§¤ê³  ì˜¤ì…”ì„œ ë³´ì‹¬ ìƒ‰ë‹¤ë¥¸ ë·°ìž…ë‹ˆë‹¹ í•˜ëŠ˜ë„ ë§‘ê³  ì´ˆê°€ì§‘ê³¼ ëŒ€ê°ì§‘ ë“± ëˆˆì´ ìŒ“ì—¬ìžˆëŠ” ëª¨ìŠµì€ ì–´ë¦°ì‹œì ˆ í‹°ë¹„ì—ì„œ ë´¤ë˜ ê±¸ í˜„ì‹¤ì—ì„œ ë³´ê²Œ ë˜ë‹ˆ ëŠë‚Œì´ ìƒ‰ë‹¤ë¦…ë‹ˆë‹¤
ê°•ì¶”"
43,3.7,2023.12.20.,
44,4.3,2023.12.17.,"ì˜¤ëžœë§Œì— ë°©ë¬¸í•´ì„œ ì‹œê°„ê°€ëŠ”ì¤„ë„ ëª¨ë¥´ê³  êµ¬ê²½í–ˆë„¤ìš”ðŸ™‚
ìž˜ ë´¤ìŠµë‹ˆë‹¤ðŸ˜€ðŸ˜€"
45,3.9,2023.12.14.,"ê´‘ê³ ë³´ë©´ ë°°ìš°ë¶„ë“¤ì´ ìž¬ë°Œì–´ ë³´ì˜€ëŠ”ë° ë§‰ìƒ ê°€ë©´ ë°°ìš°ë¶„ë“¤ë„ ì•ˆë³´ì´ê³  ë¯¼ì†ì´Œ êµ¬ê²½ë°–ì— í• ê²Œ ì—†ì–´ì„œ ì‹¤ë§
êµ³ì´ ë©€ë¦¬ì„œ ì™€ê°€ì§€ê³  ì¤„ì„œê°€ë©° ë“¤ì–´ê°ˆ í•„ìš” ì—†ëŠ”ë“¯"
46,2.6,2023.12.11.,ì¼ë¶€ê°€ ìœ ë£Œë¼ì„œ ë§Žì´ ì•„ì‰¬ì—ˆìŒ
47,5.0,2023.12.05.,"ì™¸êµ­ ì†ë‹˜ë“¤ ëª¨ì‹œê³  ì¼ìš”ì¼ì— ë°©ë¬¸í•˜ì˜€ê³ , ìž˜ ë§Œë“¤ì–´ì§€ê³  ë³´ì¡´ë˜ëŠ” ìš°ë¦¬ ë¯¼ì†ê³¼ í’ë¬¼ì„ ë³´ê³  ë„ˆë¬´ ì¢‹ì•„í•˜ì˜€ìŠµë‹ˆë‹¤. ì§ì›ë“¤ë„ ë„ˆë¬´ ì¹œì ˆí•˜ì˜€ì–´ìš”. íŠ¹ížˆ ì—¿ìž¥ìˆ˜ ì•„ì €ì”¨!"
48,4.0,2023.12.05.,ì˜ˆì•½ì·¨ì†Œí•˜ëŠ”ê²Œ ì–´ë µê³  ë¶ˆíŽ¸í•´ì„œ ê²°êµ­ ëª»í–ˆì–´ìš”..
49,3.9,2023.12.03.,
50,1.0,2023.12.02.,
51,4.0,2023.11.28.,ì›”í™”ìš”ì¼ì—” ê°€ì§€ë§ˆì„¸ìš”...ìƒì„¤ì²´í—˜ì´ë¼ê³  í•´ë‘ê³  ì•„ë¬´ê²ƒë„ ì²´í—˜í• ê²Œ ì—†ìŠµë‹ˆë‹¤...ìž…ìž¥ë£Œê°€ ë„ˆë¬´ ì•„ê¹Œì› ì–´ìš”...
52,5.0,2023.11.27.,ë°©ë¬¸í•  ë•Œë§ˆë‹¤ ê°íƒ„í•˜ê³  ê°‘ë‹ˆë‹¤ ê³µì—°ë„ ìž˜ ë´¤ì–´ìš” ë‹¤ìŒì— ë˜ ëµ™ê² ìŠµë‹ˆë‹¤
53,3.6,2023.11.26.,
54,4.0,2023.11.26.,"ì¶”ìš´ë° í’ë¬¼ë†€ì´í•˜ì‹œëŠë¼ ë„ˆë¬´ ê³ ìƒ ë§Žìœ¼ì…¨ìŠµë‹ˆë‹¤
ë„˜ ìž¬ë¯¸ìžˆì—ˆìŠµë‹ˆë‹¤ ì¶”ìš´ ê±° ë¹¼ê³  ã…‹"
55,5.0,2023.11.26.,ì¶”ì› ì§€ë§Œ ì¢‹ì€ ì¶”ì–µìœ¼ë¡œ ë‚¨ì•˜ì–´ìš” ðŸ‘
56,4.3,2023.11.24.,ê³µì—°ì„ ë³¼ìˆ˜ì—†ì–´ìš”.ì‚¬ëžŒ ë„ˆë¬´ ë§Žì•„ì„œ í•œì˜¥ë“¤ë§Œ ë³´ê³ ì™”ì–´ìš”. ìŒì‹ì€ ê°€ê²©ì´ ì¢‹ì€ë° ê°„ì‹ë“¤ì´ ë¹„ìŒˆ.
57,4.0,2023.11.24.,
58,3.0,2023.11.24.,ì£¼ë§ì—ëŠ” ì‚¬ëžŒì´ ë„ˆë¬´ ë§Žë„¤ìš”
59,5.0,2023.11.24.,
60,5.0,2023.11.21.,"ê²¨ìš¸ì—ëŠ” 6ì‹œì— íìž¥í•©ë‹ˆë‹¤.
ì•¼ê°„ ê°œìž¥ ìžˆëŠ” ì¤„ ì•Œê³  ì˜¤í›„ì— ê°”ë‹¤ê°€ ì–¼ë§ˆ êµ¬ê²½ì„ ëª» í•´ì„œ ì•„ì‰½ë„¤ìš”. ë‹¤ìŒì—ëŠ” í•œë³µ ìž…ê³  ë°©ë¬¸ í•´ë³¼ê²Œìš”"
61,4.8,2023.11.18.,
62,5.0,2023.11.18.,ë‚ ë„ ì¶”ìš¸í…ë° ê³µì—°ìž¥ ì´ë²¤íŠ¸ í•˜ì‹œë˜ ë°°ìš°ë‹˜ë“¤ ë•Œë¬¸ì— ìž¼ìžˆëŠ” ì¶”ì–µ ë§Œë“¤ì–´ ê°‘ë‹ˆë‹¤^^
63,3.5,2023.11.16.,"ì—°ë¶„ ë³´ê³  ì‹¶ì—ˆëŠ”ë° í•˜í•„ 3ì¼ ì „ì— ëë‚¬ë‹¤ê³ ..ã… ã… 
ê·€êµ´ì€ ì—¬ì¹œì´ ì‹«ë‹¤ í•´ì„œ ì–´ì§œí”¼ ëª» ë³¼ ê±° ê°™ì•˜ê³ ..
ë¶€ì±„ì¶¤ ì¶”ëŠ” ëˆˆë‚˜ë“¤ ëˆˆì›ƒìŒ ìž¥ë‚œì•„ë‹˜>_< ã…‹ã…‹
ìŠ¬ë¦­ë°± ì¶”ëŠ” ì‚¬ë‹¹íŒ¨ ì¡´ë©‹! ì˜ìƒì— ëª» ë‹´ì€ ê²Œ ì•„ì‰½ã…Žã…Ž

ê·¼ë° ë¶€ì±„ì¶¤ ëˆˆë‚˜ë“¤ì€ í™”ìž¥ì„ í•´ì„œ ëŒ€ë¶€ë¶„ ì´ë» ë³´ì´ëŠ” ê±¸ ìˆ˜ë„ ìžˆëŠ”ë°, ì‚¬ë‹¹íŒ¨ì—ì„œ ì§• ì¹˜ê³  ì‚¬ìžíƒˆ(?) ì“´ ëˆˆë‚˜ê°€ ì‹¤ì œë¡  ì ¤ ì´ì  ê±° ê°™ë”ë¼ã…‹ã…‹ã…‹ã…‹ã…‹"
64,5.0,2023.11.14.,
65,5.0,2023.11.12.,ì–´ë ¸ì„ ë•Œ ì´í›„ì— ì²˜ìŒ ê°€ëŠ”ë° ìƒê°ë³´ë‹¤ ì²´í—˜í•  ê²ƒë„ ë§Žê³  êµ¬ê²½ë„ ìž¬ë°Œë”ë¼êµ¬ìš”. ê·€êµ´ì€ ì§„ì§œ ë¬´ì„œì›Œìš”..ðŸ˜‚ðŸ˜‚ì—°ê¸°ìžë¶„ë“¤ ì—°ê¸° ì§„ì§œ ìž˜í•˜ì‹œë”ë¼ê³ ìš”. ê·¸ë¦¬ê³  ì•ˆì£¼íŒŒë‹˜ ìž¬ì£¼ê°€ ë§Žìœ¼ì‹œë”ë¼êµ¬ìš”!!  ì •ë§ ë©‹ìžˆì–´ìš”!
66,5.0,2023.11.06.,
67,2.7,2023.11.05.,ìž¬ë°ŒëŠ” ì²´í—˜ì´ ë§Žì´ ìƒê²¼ìŒ ë³¼ê±°ë¦¬ë„ ë§Žê³  í¼ë ˆì´ë“œê°€ ì¦ê±°ì› ìŒ ê°„ì‹ì´ëž‘ ì²´í—˜ë£Œê°€ ì¢€ ì¤„ì—ˆìœ¼ë©´ ì¢‹ê² ìŒ
68,4.8,2023.11.05.,ë³¼ê±°ë¦¬ë„ ë§Žê³  ë†€ì´ê¸°êµ¬ë„ ë¬´ë£Œë¡œ íƒˆìˆ˜ìžˆì§€ë§Œ ìž…ìž¥ë£Œê°€ ë¶€ë‹´ë˜ê³  ì¼ë¶€ì²´í—˜ì´ ìœ ë£Œì—¬ì„œ ì•„ì‰½ìŠµë‹ˆë‹¤
69,3.7,2023.11.04.,"ì•„ë‹ˆ ë†€ì´ê¸°êµ¬ ì•ˆíƒ€ê³ ì‹¶ë‹¤ëŠ”ë° ì™œ ë†€ì´ê¸°êµ¬ ì´ìš©ë£Œë„ í¬í•¨í•´ì„œ ìž…ìž¥ë£Œë¥¼ë°›ë‚˜ìš”?
ê²¨ìš¸ì— ë¬´ìŠ¨ ë†€ì´ê¸°êµ¬ë¥¼ íƒ€ë¼ê³ ."
70,3.0,2023.11.03.,"ë‹¤ì¢‹ì•˜ì–´ìš”
ìž…ìž¥ë£Œ ëŠ” í›„ëœëœ
êµ­ë°¥ì€ 3ë²ˆë¨¹ì—ˆì–´ìš”"
71,1.9,2023.11.02.,"ì—ë²„ëžœë“œëž‘ ì—¬ê¸° ë¬¶ì–´ì„œ ì—¬í–‰ ì™”ëŠ”ë°. í™•ì‹¤ížˆ. ë‹¨ì–¸ì»¨ë° ì—ë²„ëžœë“œ 2ì¼ ì—°ì†ìœ¼ë¡œ ê°€ëŠ”ê²Œ í›¨ì”¬ ë‚«ë‹¤.
ì—¬ê¸´ ì ˆëŒ€ ì´ ëˆ ì£¼ê³  ì˜¬ ê³³ì´ ì•„ë‹˜."
72,4.8,2023.11.01.,
73,5.0,2023.11.01.,"ê°€ìž¥ í•œêµ­ì ì¸ ìž¥ì†Œ 
ë‹¤ì–‘í•œ ì²´í—˜. ê³µì—°ì´ ìžˆì–´ì„œ ì¢‹ë„¤ìš”.
ê°€ì„ì„ ë§Œë½í•˜ê¸° ì¢‹ì€ìž¥ì†Œì—ìš”.
í‰ì¼ë³´ë‹¤ ì£¼ë§ í–‰ì‚¬ê°€ ë§Žìœ¼ë‹ˆ ê¸ˆ.í† .ì¼ ë°©ë¬¸ì´ ì œì¼ ë‚˜ì„ë“¯!
í‰ì¼ ê³µë°© ë“± ë¬¸ ì•ˆ ì—°ê³³ì´ ìžˆì–´ì„œ ìž…ìž¥ë£Œê°€ ì•„ê¹Œë¹„"
74,4.0,2023.10.30.,"ë³¼ê±°ë¦¬ê°€ ë§Žì„ ì¤„ ì•Œì•˜ëŠ”ë° ìƒê°ë³´ë‹¤ ì±™ê²¨ì„œ ë³´ê¸° íž˜ë“¤. 
ê·¸ëž˜ì„œ ì´ë²ˆì—” ìž…ìž¥ë£Œê°€ ì¢€ ì•„ê¹Œì› ëŠ”ë° ë‹¤ìŒì— ë‹¤ì‹œ í•œë²ˆ ê°€ ë³¼ ì˜ˆì •"
75,5.0,2023.10.29.,
76,4.3,2023.10.28.,í•œêµ­ë¯¼ì†ì´Œ í•œë³µë„ ìž…ìœ¼ë©´ì„œ ê³³ê³³ êµ¬ê²½ë„í•˜êµ¬ ìž¬ë¯¸ìžˆì—ˆì–´ìš”ã…Žã…Ž
77,4.9,2023.10.28.,
78,2.9,2023.10.19.,ë¹„ í”¼í•  ê³³ ì¢€ ë§Œë“¤ì–´ë¼ ì—´ê¸°ë§Œ í•˜ë©´ ë•¡ì´ëƒ? ê·¸ë¦¬ê³  ê·¸ ì ¤ë¦¬ ê°€ê²Œ ì£¼ì¸ ì–¼êµ´ ì¢€ íŽ´ê³  ìž¥ì‚¬í•´ë¼ ë­” ë§Œì‚¬ê°€ ì§œì¦ì´ì•¼
79,3.6,2023.10.19.,"ì¼ìš”ì¼ ì˜¤í›„ê¶Œ ë°©ë¬¸í–ˆìŠµë‹ˆë‹¤.
í˜„ìž¥ì—ì„œ 1ì¸ 17ì²œì›ìœ¼ë¡œ ì¸í„°ë„·ë³´ë‹¤ ì €ë ´í–ˆì–´ìš”.
íŒŒì „ì— ë§‰ê±¸ë¦¬, ë¹„ë¹”ë§‰êµ­ìˆ˜ê¹Œì§€ ë§›ìžˆê²Œ ë¨¹ì—ˆì–´ìš”. ì•ˆë³´ë‹¤ ë°–ì— ì•‰ì•„ ë¨¹ëŠ”ê²Œ ê°œë°©ê°ìžˆì–´ ì¢‹ì•˜ì–´ìš”.
ì—°ë¶„ê³µì—° ì •ë§ ë©‹ìžˆê³  ìµœê³ ìž…ë‹ˆë‹¤.
7ì‹œì „ì— ê°”ëŠ”ë° ì•‰ì„ ê³³ì€ ì—†ê³  ì„œì„œ ë³¼ ìˆ˜ ìžˆì—ˆì–´ìš”.
ê³µì—°ìž¥ì´ ì¢€ ë” í¬ë©´ ì¢‹ê² ìŠµë‹ˆë‹¤.
28ê°œì›”,16ê°œì›”ì•„ê¸°ì™€ ê°€ê¸° ê´œì°®ì•˜ì–´ìš”."
80,4.7,2023.10.12.,
81,4.8,2023.10.09.,ì—¼ë¶„ìž¬ë°Œê³  ì‚¬ì§„ì°ëŠ”ë° ë§Žì•„ìš” ë¨¹ëŠ”ê²Œ ë‹¤ì–‘í•˜ì§€ì•Šê³  ì¤„ì„ ë„ˆë¬´ ì„œì„œ
82,4.4,2023.10.08.,ì§„ì§œ ì£¼ë§ ê³µíœ´ì¼ì—ëŠ” ì°¨ ì•ˆê°€ì ¸ê°€ì‹œê¸¸ ì¶”ì²œí•©ë‹ˆë‹¤.. ê·¼ì²˜ì— ì°¨ë§‰í˜€ì„œ 400më‚¨ê¸°ë¡œ 40ë¶„ ê¸°ë‹¤ë ¸ì–´ìš” íŠ¹ížˆ ì£¼ì°¨ë„ í—¬ìž…ë‹ˆë‹¤. íŠ¹ížˆ ì•ˆë‚´í•˜ì‹œëŠ” ë¶„ë“¤ì´ ì•ˆë‚´ë¥¼ ì œëŒ€ë¡œ ì•ˆí•´ì£¼ì„¸ìš”.. ë¶ˆì¹œì ˆí•˜ì‹œê³ ..
83,3.7,2023.10.08.,
84,5.0,2023.10.05.,
85,3.5,2023.10.05.,ì°¨ë¡œ ê°€ê¸°ì— ì°¨ê°€ ë„ˆë¬´ ë§‰íž˜ ê·¼ì²˜ì— ê°€ì„œ ì°¨ê°€ ë§‰íž™ë‹ˆë‹¤ ê·¸ë¦¬ê³  í• ì¸ ë°›ì§€ ì•Šê³  ê°€ë©´ ê¸°ë³¸ë£Œê°€ ë„ˆë¬´ ë¹„ìŒ‰ë‹ˆë‹¤ ì•ˆì—ì„œë„ ê·¸ëƒ¥ ì´ˆê°€ì§‘ ê°™ì€ê²ƒë§Œ ìžˆê³  ê³µì—°ì€ ì‹œê°„ë§ˆë‹¤ í•˜ëŠ”ë° ì‚¬ëžŒì´ ë§Žìœ¼ë©´ ë³´ê¸° íž˜ë“­ë‹ˆë‹¤ ìž…êµ¬ì— ìŒì‹ì ì€ ì²œìž¥ì— ë¬¼ì´ ì„¸ëŠ”ê³³ì´ ìžˆê³  ê¹¨ë—í•œ ëŠë‚Œì€ ì—†ìŠµë‹ˆë‹¤ ìŒì‹ ì£¼ë¬¸ í›„ì— ë²ˆí˜¸í‘œì— ë²ˆí˜¸ ê¸°ë‹¤ë¦¬ì§€ ì•Šê³  ê°€ì„œ ë§í•´ì•¼ ë°›ì„ ìˆ˜ ìžˆìŠµë‹ˆë‹¤
86,3.1,2023.10.03.,"ë³¼ê±°ë¦¬ë„ ë§Žê³  ì‚°ì±…í•˜ê¸° ì •ë§ ì¢‹ì•„ìš”.
ë‹¤ë§Œ ì£¼ì°¨ìž¥ì—ì„œ ì¶œì°¨í•˜ëŠ”ë° í•œì‹œê°„ ê±¸ë ¸ë„¤ìš”. 
íœ´ì¼ì´ë¼ ê·¸ëž¬ê² ì§€ë§Œ ì¶œìž…êµ¬ ì‹œì„¤ì´ ì•„ì‰½ë„¤ìš”. 
ì¶œì°¨í•˜ë©´ì„œ ì°ì€ ì‹œë¯¼ì˜ì‹ ì‚¬ì§„ ë‚¨ê¹ë‹ˆë‹¤^^ 
ì œë°œ ì“°ë ˆê¸° ì¢€ ì“°ë ˆê¸°í†µì—^^"
87,3.6,2023.10.01.,"ë¶„í™ì˜· ìž…ìœ¼ì‹  ë¶„ ë¶€í„° ìºë¦­í„°ë“¤ì´ ë„ˆë¬´ ìž¬ë°Œì—ˆìŠµë‹ˆë‹¤
ì¢‹ì€ ì¶”ì–µ ë‚¨ê²¨ì£¼ì…”ì„œ ê°ì‚¬í•´ìš”"
88,4.2,2023.10.01.,
89,4.6,2023.09.29.,"ë°¤ì— ê°€ëŠ”ê²ƒë„ ì•¼ê²½ì´ ì¢‹ì•„ìš”
#ì¡°ì„ ì•¼ê²½#ì•¼ê²½"
90,3.5,2023.09.27.,
91,5.0,2023.09.25.,ê³µì—° ìµœê³ !!
92,3.0,2023.09.23.,"ì•¼ê°„ê³µì—°ë³´ë ¤ê³  ì¼ë¶€ëŸ¬ ì˜¤í›„ ëŠ¦ê²Œ ê°”ëŠ”ë° ê³µì—°ìž¥ì´ ë„ˆë¬´ í˜‘ì†Œí•˜ê³  ìœ„í—˜í•´ì„œ ê·¸ëƒ¥ ì™”ë„¤ìš”.
8ì‹œê³µì—°ì¸ë° 3ì‹œê°„ì „ë¶€í„° ìžë¦¬ë¥¼ ë§¡ì•„ì•¼ ë˜ëŠ” ê³µì—°ì´ë¼ë‹ˆ ..ìž…ìž¥ì„ ë°›ì•˜ìœ¼ë©´ ê³µì—°ì„ ì¦ê¸¸ìˆ˜ìžˆëŠ” í™˜ê²½ì€ ë§Œë“¤ì–´ì¤˜ì•¼í•˜ëŠ”ê±° ì•„ë‹Œê°€ìš”. ìž…ìž¥ë£Œê°€ ì‹¼ê²ƒë„ ì•„ë‹ˆêµ¬ìš”. ê°œì„ ì´ í•„ìš”í•´ë³´ìž…ë‹ˆë‹¤"
93,3.4,2023.09.15.,ì¶”ì–µì€ ì¶”ì–µìœ¼ë¡œë§Œ
94,4.6,2023.09.14.,
95,4.5,2023.09.13.,
96,3.6,2023.09.06.,ìž¬ë¯¸ìžˆì—ˆì–´ìš” ê´€ì•„ì—ì„œ ê³¤ìž¥ë•Œë¦¬ê¸° ìµœê³ 
97,4.0,2023.09.02.,ì™„ì „ ì§± ìž¬ë¯¸ìžˆì–´ìš”!!!!!!
98,4.7,2023.08.30.,"ì¡°ì¡°ë¡œ í‘œ ëŠê³ , ì œëŒ€ë¡œ 12ì‹œê°„ í’€ë¡œ ì±„ì›Œì„œ ì¦ê²¼ìŠµë‹ˆë‹¤.
ë¹„ê°€ ì™€ì„œ í•œë³µì„ ëª» ìž…ì€ê²Œ ì•„ì‰¬ì› ìŠµë‹ˆë‹¤. 
ë¹„ì˜¤ëŠ” ë‚ ì€ ì‚°ì±…í•˜ëŠ”ê²Œ ì•„ë‹Œ ì´ìƒì€ ì•ˆ ê°€ëŠ”ê²Œ ì¢‹ì„ ê²ƒ ê°™ì•„ìš”.

ë¹„ê°€ ë³´ìŠ¬ë³´ìŠ¬ë‚´ë ¤ì„œ ì˜¤í›„ ì¦ˆìŒì— ë©ˆì¶”ì–´ì„œ ì˜¤í›„ë¶€í„° ì œëŒ€ë¡œ ë†€ì•˜ë˜ ê²ƒ ê°™ìŠµë‹ˆë‹¤. ìŒì‹ ì¤‘ ê°ìžì „ì€ ì •ë§ ì‹±ê±°ì›Œì„œ ê°„ìž¥ì„ ì •ë§ ë§Žì´ ë¬»í˜€ ë¨¹ì—ˆì–´ì•¼í–ˆìŠµë‹ˆë‹¤. íŒŒì „ë„ íŒŒê°€ ê·¸ë ‡ê²Œ ë§Žì´ ë“¤ì–´ê°€ì§€ ì•Šì•„ì„œ íŒŒì „ì´ ì•„ë‹Œ ""ì „""ì„ ë¨¹ëŠ” ê¸°ë¶„ì´ì—ˆìŠµë‹ˆë‹¤. ê·¸ëƒ¥ ë°€ê°€ë£¨ ë§›.. ë§‰ê±¸ë¦¬ëŠ” ì–‘ì´ ë§Žì•„ì„œ ë¨¹ê¸° ì¢‹ì•˜ìŠµë‹ˆë‹¤. ì–´ë–»ê²Œ ìŒì‹ ì¤‘ì— ë§‰ê±¸ë¦¬ë§Œ ì œì¼ ë§›ìžˆë˜ ê²ƒ ê°™ìŠµë‹ˆë‹¤.

ê³µì—°ì€ ìµœìƒê¸‰ì´ì—ˆìŠµë‹ˆë‹¤. 

ê·€êµ´ì€.. ì˜ˆì•½ì„ ì¢€ ì ë‹¹ížˆ ë°›ìœ¼ì…”ì•¼ í•  ê²ƒ ê°™ìŠµë‹ˆë‹¤..
ì•žì— ì‚¬ëžŒë“¤ì´ ë„ˆë¬´ ëŠ¦ê²Œê°€ì„œ ì €í¬ê°€ ìŠ¤í¬ë¥¼ ë‹¹í•˜ë©´ì„œ ê·€ì‚´ì„ ì²´í—˜í–ˆì–´ì•¼ í–ˆìŠµë‹ˆë‹¤. ê¸´ìž¥ê°ì´ ì „í˜€ ì—†ì´ ì¦ê²¼ìŠµë‹ˆë‹¤. ì‹œê°„ë§ˆë‹¤ 40ëª…ì”© ì˜ˆì•½ì„ ë°›ê³  ì§„í–‰í•˜ì‹œëŠ” ê²ƒ ê°™ì€ë°.. ì˜ˆì•½í•´ë´¤ìž ë„ì°©í•˜ëŠ” ìˆœì„œëŒ€ë¡œ ëŒ€ê¸°í•˜ë‹¤ ë“¤ì–´ê°€ê¸° ë•Œë¬¸ì— ì˜ˆì•½ì— ì˜ë¯¸ê°€ í¬ê²Œ ì˜ë¯¸ê°€ ì—†ìŠµë‹ˆë‹¤. ë°¤ëŠ¦ê²Œ ì œëŒ€ë¡œ ì¦ê¸¸ë ¤ê³  ê°”ëŠ”ë°, ê·¸ëƒ¥ ì‚° ê±¸ì–´ì˜¬ë¼ê°”ë‹¤ê°€ ë‚´ë ¤ì˜¨ í–‰ì¸ë“¤ ë˜ì—ˆë„¤ìš”."
99,4.3,2023.08.25.,ê°€ì¡±ë¼ë¦¬ ìž˜ ë†€ë‹¤ ì™”ì–´ìš” ì£¼ì°¨ìž¥ë„ ë„“ê³  ì§ì›ë“¤ ë‹¤ ìž¬ë°Œê³  ì¢€ë¹„ ë¶„ìž¥í•˜ì‹  ë¶„ ë¦¬ì–¼í•¨ ì¡°ì„  ëª…íƒì • ê°œ ìž¬ë°ŒìŒ ë°°ìš°ë¶„ë“¤ ì—°ê¸°ë„ ìž˜í•¨ ê·¼ë° ê³µì—°ìž¥ ì§„ì§œ ë„˜ ìž‘ì•„ìš” ì•‰ì„ ê³³ì´ ë§Žì´ ì—†ê³  ì„œì„œë„ ì•ˆ ë³´ì´ë‹ˆê¹Œ ë‹¤ë“¤ ë‚˜ë¬´ ìœ„ë¡œ ì˜¬ë¼ê°€ì„œ ë„ˆë¬´ ìœ„í—˜í•©ë‹ˆë‹¤ ì´ê±° ë³´ë ¤ê³  ì™”ëŠ”ë° ã… 
100,4.3,2023.08.24.,ìž¬ë°‹ì–´ìš”~~~~
101,5.0,2023.08.18.,
102,4.4,2023.08.15.,
103,4.2,2023.08.05.,ì£¼ì°¨ê³µê°„ì´ ë„“ê³  ê·¸ëŠ˜ì´ ìžˆì–´ì„œ í•œ ì—¬ë¦„ì—ë„ ì‹œì›í•˜ê²Œ ê²½ì¹˜ì™€ ë†€ì´ì‹œì„¤ì„ ì´ìš©í•  ìˆ˜ ìžˆì–´ì„œ ì¢‹ì•„ìš”
104,5.0,2023.08.05.,ì¹œì ˆí•˜ê³  ì œí’ˆë„ êµ¿~~
105,4.5,2023.08.04.,ë”ìš´ë‚ ì—ë„ ì—´ì‹¬ížˆ ì¼í•˜ì‹œëŠ” ì§ì›ë¶„ë“¤ ê³ ìƒë§Žìœ¼ì‹­ë‹ˆë‹¤ í™”ì´íŒ… ~
106,4.3,2023.08.03.,"ë‹¨í’ëª…ì†Œ, ì‚´ê±°ê°€ ë„ˆë¬´ ë§ŽìŒ"
107,5.0,2023.08.03.,
108,5.0,2023.08.01.,
109,4.5,2023.07.28.,ì˜¤ëžœë§Œì— ìž˜ ë‹¤ë…€ ì™”ìŠµë‹ˆë‹¤
110,4.7,2023.07.23.,"ì–´ì œ í† ìš”ì¼ì— ë‹¤ë…€ì™”ëŠ”ë° ì •ë§ ì¢‹ì€ê³³ì´ë„¤ìš”. ì•„ì´ë“¤ê³¼ í•¨ê»˜ ë‹¤ë‹ˆê¸°ì— ì¢‹ì€ê³³ ê°™ìŠµë‹ˆë‹¤.
ì—¬ë¦„ì´ë¼ì„œ ê·€ì‹ ì „ ê°™ì€ê±° ë§Žì•„ì„œ ì œ ì·¨í–¥ì´ì—ˆë„¤ìš”.  ì‚´ê·€ì˜¥ì—ì„œ ì—¬ì„¯ì‚´ë‚œ ì•„ë“¤ê³¼ ì € ë‘˜ì´ì„œ í–ˆëŠ”ë° ì•žì—ì„œ ëŒ€í•™ìƒê°™ì€ ì„¸ë¶„ ë•ì— ì§„ì§œ ë§Žì´ ì›ƒì—ˆë„¤ìš”ã…‹ã…‹ã…‹  ê·¸ ì„¸ë¶„ í–‰ë³µí•˜ì‹œê¸¸ ë°”ëžë‹ˆë‹¤^^
ê±·ê¸°ì— ìž˜ ë˜ì–´ìžˆê³ , êµ°ë°êµ°ë° ë²¤ì¹˜ë‚˜ ì •ìž, ì˜¤ë‘ë§‰ê°™ì€ê³³ì´ ë§Žì•„ì„œ ë‚˜ì´ì¢€ ìžˆìœ¼ì‹  ë¶„ë“¤ë„ ì‰¬ì—„ì‰¬ì—„ êµ¬ê²½í•˜ì‹œê¸° ê´œì°®ì„ê²ƒ ê°™ìŠµë‹ˆë‹¤.

ë‹¨ì ì€...ìŒì‹ê°’ì´ ì¢€ ë¹„ì‹¸ë‹¤ëŠ”ê±°??"
111,3.0,2023.07.22.,
112,4.5,2023.07.17.,ê±·ê¸°ë§Œ í•´ë„ ì¢‹ì€ ê³³ðŸ©µ
113,4.4,2023.07.10.,ì´ˆë”©ë•Œ ê°€ë´„ ì¢‹ì•—ìŒ..ë§ˆíŒ¨ë„ ì‚¼
114,4.9,2023.07.08.,â €â €â €  â €â €â €
115,4.5,2023.07.04.,"ë¹„ ë§Žì´ ì˜¤ê³  ìžˆëŠ”ë° ìš°ì²œ í• ì¸ ì•ˆ ë¨. 4ì‹œ ì´í›„ ìž…ìž¥ì—ë„ í• ì¸ ì•ˆ ë¨.
ì•„ë§ˆ ì£¼ë§ì— ì‚¬ëžŒ ë§Žì„ ë•Œë§Œ í• ì¸ ë˜ëŠ”ê°€ ë´…ë‹ˆë‹¤. ì •ì±…ì´ ì¢€ ë³„ë¡œë„¤ìš”."
116,3.5,2023.07.01.,
117,5.0,2023.06.29.,
118,4.6,2023.06.28.,"ë¬´ì„œìš´ ì²´í—˜ ë‚˜ë¦„ ìž¬ë°ŒìŒ
ë¯¼ì†ì „ì‹œê´€ì€ ë³„ë¡œì˜€ìŒ"
119,3.6,2023.06.19.,ì˜›ë‚ ë¶„ìœ„ê¸°ë¥¼ëŠë‚„ìˆ˜ìžˆë‹¤
120,3.9,2023.06.19.,
121,5.0,2023.06.10.,144
122,3.7,2023.06.06.,
123,3.2,2023.06.05.,"ì§„ì‹¬....í‘¸ë“œì½”íŠ¸ ìŒì‹ë“¤ ã…ˆã„´ ë§›ì—†ìŒ..
ì§„ì‹¬...
ì´ê±° ê°œì„ í•˜ì§€ ëª»í•˜ë©´
ì—¬ê¸´ ë°œì „ì—†ìŒ...
ê°™ì€ ìž¬ë£Œì¸ë° ì–´ë–»ê²Œ ê·¸ë ‡ê²Œ
ë§›ì„ë‚¼ê¹Œ?......"
124,5.0,2023.06.04.,
125,5.0,2023.06.02.,
126,5.0,2023.05.31.,
127,4.1,2023.05.28.,ì• ê¸° ë” í¬ë©´ ë‹¤ì‹œì˜¬ê±°ì—ìš”
128,5.0,2023.05.28.,
129,4.4,2023.05.28.,ìƒê°ë³´ë‹¤ ë†€ì´ê¸°êµ¬ê°€ ë§Žì•˜ì–´ìš”!!ì•„ì´ìŠ¤í¬ë¦¼íŒŒëŠ”ë°ë„ ìžˆëŠ”ë° ë§›ìžˆì–´ìš”ðŸ˜‰
130,5.0,2023.05.23.,
131,4.5,2023.05.20.,"ì‹œì„¤ë„ ì¢‹ê³  ë¨¹ê±°ë¦¬ë„ ì¢‹ì•„ìš”!
ê·¼ë° ë°”ì´í‚¹ì€ ë¬¸ì œê°€ ì¢€ ìžˆëŠ”ê²ƒê°™ì•„ìš”..."
132,4.0,2023.05.18.,
133,1.5,2023.05.15.,
134,5.0,2023.05.15.,ê³µì—°ì´ ìž¬ë¯¸ìžˆì—ˆì–´ìš”!! ì¶”ì²œ!!
135,4.9,2023.05.14.,ì‹œì„¤ë„ ì¢‹ê³  ì‚° ìª½ì¸ì§€ ì‹œì›ì‹œì›í•´ì„œ ë³´ê¸°ëŠ” íŽ¸í•¨
136,3.7,2023.05.13.,ì§„ì§œ ìŒì‹ì€ ë§›ì´ ì—†ê³  ë†€ê±°ë¦¬ë„ ì—†ê³  ë°”ì´í‚¹ íƒ€ë ¤ê³  2ì‹œê°„ ê¸°ë‹¤ë ¸ëŠ”ë° ê³ ìž¥ë‚˜ì„œ íƒ€ì§€ë„ ëª»í–ˆë‹¤. ëƒ‰ë©´ì€ ì°¨ê°€ìš´ ë¬¼ì— ë„£ì—ˆë‹¤ê°€ ëº€ ë©´ì´ê³  ì„¤ë íƒ•ì€ ì–‘ì´ ë„ˆë¬´ ì ì—ˆê³  êµ­ë°¥ì€ ë¨¹ì„ë§Œ í•˜ë‹¤(ì‚¬ëžŒì´ ì•„ë‹ˆë©´) ê·¼ë° ê°„ì‹ì€ ë§›ìžˆì—ˆê³  íŽ¸ì´ì ì€ ì‚¬ëŠ”ë° ì¤„ì„œì•¼í•œë‹¤ í•™êµ ì²´í—˜í•™ìŠµìœ¼ë¡œ ì™”ëŠ”ë° ìµœì•…ì´ê³ ì“¸ë•Œì—†ì´ ë„“ì–´ì„œ ë‹¤ë¦¬ê°€ ë„ˆë¬´ ì•„í”„ë‹¤ ê·¼ë° ìž…ìž¥ë£ŒëŠ” ë¹„ì‹¸ë‹¤ ë‹¤ìŒ í•™ë…„ë„ ì—¬ê¸°ë¡œ ì™”ìœ¼ë©´ ì¢‹ê² ë‹¤
137,3.0,2023.05.11.,ìž…ìž¥ë£Œê°€ ë„ˆë¬´ ë¹„ì‹¸ì„œ ë“¤ì–´ê°€ì§€ë„ ëª»í–ˆì–´ìš” ì£¼ë³€ì— ì‹ë‹¹ë„ ì „í˜€ì—†ê³  ê°œì„ í•  ë¶€ë¶„ì´ ë§Žì´ ìžˆì–´ìš”
138,5.0,2023.05.06.,
139,3.5,2023.05.05.,ë³¼ê±°ë¦¬ê°€ë§Žê³  ì²´í—˜í•˜ê¸°ì¢‹ì•„ìš”
140,5.0,2023.05.05.,
141,5.0,2023.05.03.,
142,4.0,2023.05.03.,"í•™êµì—ì„œ ë‹¨ì²´ë¡œ ê°”ëŠ”ë° ë‚´ë¶€ì— ë†€ì´ê³µì›ë“± ë‹¤ì–‘í•œ ì²´í—˜ì‹œì„¤ì´ ì¢‹ì•˜ê³ , ë‚ ì”¨ê°€ ë”ìš¸ ë•Œ ê°€ì„œ íž˜ë“¤ê¸´ í–ˆì§€ë§Œ ìž¬ë¯¸ìžˆì—ˆìŠµë‹ˆë‹¤. í•˜ì§€ë§Œ ì¹¼ ìž¥ë‚œê° ê°™ì€ ê¸°ë…í’ˆì€ ê·¸ë¦¬ ë¹„ì‹¸ì§€ì•Šì€ë°, ë‹­ê¼¬ì¹˜, ì•„ì´ìŠ¤í¬ë¦¼ ë“±ì˜ ê°€ê²©ì€ ë„ˆë¬´ ë¹„ìŒŒìŠµë‹ˆë‹¤. ì´ëŸ°ê²ƒë§Œ ì œì™¸í•˜ë©´ êµ¬ê²½í• êº¼ë„ ë§Žê³  ðŸ‘ðŸ‘ ê·¸ë¦¬ê³  ì¹œêµ¬ë“¤ë¼ë¦¬ë§Œ ê°€ë©´ ìž¬ë¯¸ìžˆì„êº¼ ê°™ë„¤ìš” ã…Žã…Ž"
143,3.6,2023.05.03.,ê°€ì¡±ë“¤ì´ëž‘ ë³µìž¡í•˜ì§€ ì•Šì€ê³³ì„ ê±°ë‹ë‹¤ê°€ ì‰¬ë‹¤ê°€ ë‹¤ë‹ìˆ˜ ìžˆì–´ì„œ ì¢‹ì•˜ìŠµë‹ˆë‹¤. ì‚°ì±…í•˜ëŠ” ëŠë‚Œì´ì—ˆì–´ìš”.
144,3.5,2023.05.03.,ë‚˜ë¦„ ìž¬ë°Œì—ˆë§Œ ìžì£¼ ê°€ì§€ëŠ” ì•Šì„ê±°ê°™ì€ ê³³
145,5.0,2023.05.02.,
146,4.3,2023.04.22.,
147,3.0,2023.04.22.,"ì§€í•˜ì² ì—­ì¢€ ë§Œë“¤ì–´ë¼
ì—°íœ´ë•Œ ì°¨ë°€ë ¤ì„œ ì§œì¦ë‚œë‹¤"
148,3.6,2023.04.09.,
149,3.1,2023.03.27.,ë¬´ì—‡ë³´ë‹¤ 9ì²œì›ì§œë¦¬ ë¹„ë¹”ë°¥ ë§›ì´ ì™œì´ëž˜? ë‚˜ë¬¼ì€ ë»£ë»£í•˜ê³  ê°ì¹ ë§›ë„ ì—†ì–´ì„œ ì´ê±° ë¨¹ì€ ì™¸êµ­ì¸ë“¤ ë¹„ë¹”ë°¥ ì„ ìž…ê²¬ ìƒê¸¸ê¹Œ ê±±ì •ëœë‹¤. ë¬¼ëƒ‰ë©´ì€ ì‹œì¤‘ë§ˆíŠ¸ì—ì„œ íŒŒëŠ” í¬ìž¥ëƒ‰ë©´ê³¼ ë˜‘ê°™ê³ .. ì ˆëŒ€ ì—¬ê¸°ì„œ ë°¥ ë“œì‹œì§€ ë§ˆì‹œë¼
150,4.4,2023.03.21.,
151,3.6,2023.02.27.,ìž…ìž¥ë£Œ ê²ë‚˜ ë¹„ì‹¼ë° í‰ì¼ì—” ì¦ê¸¸ê±°ë¦¬ê°€ ê±°ì˜ íœ´ìž¥..ã…œ ì°¨ë¼ë¦¬ ì£¼ë§/ê³µíœ´ì¼ì— ê°€ì‹œê¸¸..
152,2.9,2023.02.25.,"ì´ˆë“±í•™ìƒ ì •ë„ê°€ ê°€ê¸°ì— ì ë‹¹í•œê³³ê°™ìŒ
ë¯¸ì·¨í•™ ì•„ë™ ë‘˜ ë°ë¦¬ê³  ê°”ëŠ”ë° íƒˆ ìˆ˜ìžˆëŠ”ê²ƒë„ í•  ìˆ˜ìžˆëŠ”ê²ƒë„ ìƒê°ë³´ë‹¤ ë§Žì´ ì—†ì—ˆìŒ. ê·¸ë¦¬ê³  ìš´íœ´ì¤‘ì¸ ë†€ì´ê¸°êµ¬ë„ ìžˆì–´ ì•„ì‰¬ì› ìŒ. ê·¸ëž˜ë„ ì˜›ë‚ ì§‘ì´ë©° í’ìŠµì— ëŒ€í•´ ì•Œì•„ë³¼ ìˆ˜ ìžˆì–´ ì¢‹ê¸´í–ˆìŒ.
ê·¸ë¦¬ê³  í•œ ê°€ì§€ ë”..ìž…ìž¥ë£Œë„ ë¹„ì‹¼ë° ì£¼ì°¨ë¹„ë„ ë”°ë¡œë°›ì•˜ìŒ..ì•„ì£¼ ë§Œì¡±ìŠ¤ëŸ¬ìš´ê³³ì€ ì•„ë‹ˆì˜€ìŒ."
153,5.0,2023.01.28.,
154,5.0,2023.01.21.,
155,4.5,2023.01.18.,
156,3.3,2023.01.04.,
157,2.0,2022.12.18.,
158,3.3,2022.12.18.,"ê²¨ìš¸ì´ê³  ë¹„ìˆ˜ê¸°ì¸ë° ë†€ì´ê¸°êµ¬ ìš´ì˜ì•ˆí•˜ëŠ”ê²Œ íƒœë°˜ì¸ë°, ë¹„ì‹¼ ìž…ìž¥ë£Œ 32,000ì› ê·¸ëŒ€ë¡œ  ë°›ëŠ”ë‹¤. ì•„ê¹ë‹¤. ê·¸ë‚˜ë§ˆ ê²½ê¸°ë„ë¯¼ì´ë¼ 22,000ì›ìœ¼ë¡œ ìž…ìž¥
ë³¼ê²ƒë„ ì—†ê³  ìŒì‹ì´ë‚˜ ë¨¹ìœ¼ë ¤ê³  íŒ¥ì£½ê³¼ ë…¹ë‘ì „ ì‹œì¼°ëŠ”ë° íŒ¥ì£½ë¨¹ì–´ë³´ê³  ì–´ì´ìƒì‹¤í•¨
ë©€ê²‹ê³  ì•„ë¬´ë§›ë„ ì—†ëŠ” íŒ¥ë¬¼ì— ë°¥ë§ì•„ë†“ì€ê±° ë¨¹ë‹¤ ìš•ë‚˜ì˜´
ì„¤íƒ•ë°›ì•„ë„£ì—ˆëŠ”ë° ì„¤íƒ•ë¬¼ ë¨¹ëŠ”ê±° ê°™ì•„ ëª‡ìˆŸê°ˆëœ¨ë‹¤ ê·¸ëƒ¥ ë‚¨ê¹€
ê·¸ë‚˜ë§ˆ ë…¹ë‘ì „ìœ¼ë¡œ ìž…ë§› ê²¨ìš° ë‹¬ëž¨
ë‹¤ì‹œëŠ” ì—¬ê¸°ì•ˆì˜¬ê±°ê³  íŠ¹ížˆ íŒ¥ì£½ì€ ì ˆëŒ€ ì•ˆì‚¬ë¨¹ì„ê±°ìž„"
159,3.1,2022.12.16.,ìƒê°ë³´ë‹¤ ë³¼ê±° ê°œì—†ìŒ
160,3.3,2022.11.13.,ë¹„ì‹¼ ìž…ìž¥ê¶ŒëŒ€ë¹„ ë³¼ê²Œ ì—†ì–´ìš”
161,2.0,2022.11.13.,"ëˆë§Žê³  ì‹œê³¨ë™ë„¤ ì‚°ì±…í•˜ëŠ”ê²ƒì— ëˆì“°ê³  ì‹¶ìœ¼ì‹ ë¶„ê°€ì„¸ìš”.ì—¬ì¹œ.ë‚¨ì¹œì—ê²Œ ìš•ë¨¹ê³ ì‹¶ê³  ëˆì“°ëŠ” í˜¸êµ¬ë˜ì‹¤ë¶„ ê°€ì„¸ìš”.
ëˆì— ë¯¸ì¹œìž¥ì‚¬ê¾¼ì´ ëˆë‹¬ë¼ê³  ì§•ì§•ëŒ€ëŠ” ê²ƒìœ¼ë¡œ ë°–ì— ì•ˆë³´ì´ë„¤ìš”.ì™¸êµ­ì¸ ê´€ê´‘ê°ì—ê²Œ ì œê°€ ë”” ë¯¼ë§í•˜ë„¤ìš”.
ì ˆëŒ€ë¹„ì¶”ìž…ë‹ˆë‹¤."
162,2.8,2022.11.06.,"ë¯¼ì†ì´Œ ì•Œê³  ê°€ì„¸ìš” 
2.1.Â ì„¤ë¦½ ë¹„í™”ì™€ ì‚¬ë¦½ ì‹œì„¤[íŽ¸ì§‘]

ë¯¼ì†ì´Œì€ ë³¸ëž˜ ë‹¹ì‹œ í•œêµ­ê³ ë¯¸ìˆ í˜‘íšŒ íšŒìž¥ì´ë˜ ê¹€ì •ì›…ì´ 1972ë…„ì— 'ê¸°í¥ê´€ê´‘ê°œë°œ'ì„ ì„¸ì›Œì„œ ìš´ì˜í•œ ê²ƒì´ë‹¤. ê·¸ê°€ ì´ëŒë˜ í•œêµ­ê³ ë¯¸ìˆ í˜‘íšŒëŠ” 1971ë…„ì— ì„¸ì›Œì ¸ ì§€ê¸ˆê¹Œì§€ ìœ ì§€ë˜ê³  ìžˆìœ¼ë©°, ë‹¨ì²´ì˜ ì„±ê²©ì€ ë¬¸í™”ì²´ìœ¡ê´€ê´‘ë¶€ ì†Œê´€ì˜Â ì‚¬ë‹¨ë²•ì¸ì´ë‹¤. ë¯¼ì†ì´Œì„ ì„¤ë¦½í•˜ëŠ” ë°ì— ë“  ëˆì´ 14ì–µ ê°€ëŸ‰ì¸ë°, ì´ ì¤‘ ê¹€ì •ì›…ì€ 7ì–µ ì´ìƒì„ ëŒ€ê³ , ì •ë¶€ê°€ 7ì–µì„ ì•½ê°„ ë°‘ë„ëŠ” ë¹„ìš©ì„ ì§€ì›í–ˆë‹¤.Â ê¹€ì •ì›…ì˜ ì¸í„°ë·°ì— ë”°ë¥´ë©´ ë‹¹ì‹œ ê·¸ê°€ ë™ì›ê°€ëŠ¥í•œ ìžì‚°ì€ 3ì–µ ê°€ëŸ‰ì´ì—ˆëŠ”ë° ì‹¤ì§ˆì ìœ¼ë¡œëŠ” 6~7ì–µì´ í•„ìš”í•œ ìƒí™©ì´ì—ˆë‹¤ê³  í•œë‹¤. ê·¸ ë‚˜ë¨¸ì§€ ë¶€ë¶„ì€ ì²­ì™€ëŒ€ê°€ ì§€ì›í•´ì£¼ê² ë‹¤ê³  ì•½ì†ì„ í–ˆëŠ”ë° ì‚¬ì‹¤ì€ ìœµìžì˜ í˜•íƒœë¡œ ì§€ì›ì´ ì´ë£¨ì–´ì¡Œë‹¤. ë‹¤ì‹œ ë§í•´ ê¹€ì •ì›…ì€ ë°•ì •í¬ ì£¼ë„ì˜ ì‚¬ì—…ì— 3ì–µê³¼ ì¶”ê°€ ëŒ€ì¶œ 4ì–µì„ ë¼ê³  ì°¸ì—¬í•˜ì—¬ 14ì–µì´ ë“  ë¯¼ì†ì´Œì˜ ìš´ì˜ê¶Œí•œì„ ê°€ì ¸ì˜¨ ì…ˆ. 40ë…„ ì „ì— ì´ë£¨ì–´ì§„ ë¯¼ìžìœ ì¹˜ë¼ê³  ë³¼ ìˆ˜ ìžˆë‹¤.

ë¬¸ì œëŠ” ê·¸ ì†Œìœ ì£¼ê°€ ëœ ê¹€ì •ì›…ì´ ì™„ê³µ(74ë…„) ì§í›„ì¸ 75ë…„ì— ë¬¸í™”ìž¬ë³´í˜¸ë²• ìœ„ë°˜ì£„ë¡œ êµ¬ì†ì´ ë˜ì—ˆë‹¤ëŠ” ì ì´ë‹¤. ë„êµ´í’ˆ ìˆ˜ì¶œë²” í˜ì˜ê°€ ì ìš©ëœ ê²ƒ. ì´ ë‚´ìš©ì´ í™•ì • íŒê²° ë‚˜ê¸°ê¹Œì§€ëŠ” 4ë…„ì˜ ì‹œê°„ì´ ê±¸ë¦¬ê²Œ ë˜ëŠ”ë°, ê²°ê³¼ëŠ” ë¬´ì£„ì˜€ë‹¤. ë‹¤ë§Œ ê·¸ ì‚¬ì´ì— ë¯¼ì†ì´Œì€ ì´ë¯¸ ê¹€ì •ì›…ì˜ ê²ƒì´ ì•„ë‹ˆê²Œ ë˜ì—ˆëŠ”ë°, ì†Œìœ ì£¼ê°€ êµ¬ì†ëœ ìƒí™©ì—ì„œ ì œëŒ€ë¡œ ìš´ì˜ë˜ì§€ ëª»í•œ ê¸°í¥ê´€ê´‘ê°œë°œì€ ìžê¸ˆë‚œì— ì‹œë‹¬ë¦¬ë‹¤ê°€ ê²°êµ­ì€Â ìœ¡ì˜ìˆ˜ì˜ ì¡°ì¹´ ì‚¬ìœ„ì¸ ì •ì˜ì‚¼ì—ê²Œ ë„˜ì–´ê°”ê³ , 1983ë…„ì— ì‚¬ëª…ì„ í˜„ìž¬ì˜ 'ì¡°ì›ê´€ê´‘ì§„í¥'ìœ¼ë¡œ ë°”ê¿¨ë‹¤. ì •ì˜ì‚¼ì€Â ë°•ì •í¬ì˜ ì²˜ì¡°ì¹´ ì‚¬ìœ„ì´ìžÂ ë°•ê·¼í˜œì˜ ì´ì¢…ì‚¬ì´Œ í˜•ë¶€ì¸ ì…ˆ. ê¹€ì •ì›…ì€ í˜•ì‚¬ì‚¬ê±´ì„ ì—†ë˜ ê²ƒìœ¼ë¡œ í•˜ê³  ê²€ì°°ì— ë§í•´ ê³µì†Œ ì·¨í•˜í•´ì£¼ê² ë‹¤ëŠ” ì •ì˜ì‚¼ì˜ ë§ì„ ë¯¿ê³  50% ì§€ë¶„ì„ 1ì–µì›ì— ë„˜ê¸°ì§€ë§Œ, ì •ì˜ì‚¼ì€ ì¸ìˆ˜ í›„ ì˜¤ížˆë ¤ í˜•ì‚¬ì‚¬ê±´ì— ê°œìž…ëœ ìžì™€ ê°™ì´ ë™ì—…í•  ìˆ˜ ì—†ìœ¼ë©° ì£¼ì‹ì„ ì „ë¶€ ì–‘ë„í•˜ì§€ ì•Šìœ¼ë©´ ìž¬êµ¬ì† ì‹œí‚¬ ê²ƒì´ë¼ ìœ¼ë¦„ìž¥ì„ ë†“ì•˜ë‹¤. ê²°ê³¼ì ìœ¼ë¡œ ê¹€ì •ì›…ì€ ë‚¨ì€ 50% ì§€ë¶„ê¹Œì§€ ë‹¤ì‹œ 1ì–µì›ì´ë¼ëŠ” í—ê°’ì— ë„˜ê¸°ê²Œ ë˜ê³  ì •ì˜ì‚¼ì€ ë‹¨ëˆ 2ì–µì›ì— 14ì–µì§œë¦¬ ì‚¬ì—…ì„ ì†ì— ë„£ê²Œ ë˜ì—ˆë‹¤.

ì •ì˜ì‚¼ì€ ì´í›„ ê¹€ì •ì›…ì´ ë¯¸ë¦¬ ë§ˆë ¨í•´ë†“ì•˜ë˜ ì•„ì‹œì•ˆë¯¼ì†ì´Œ í„° 20ë§Œí‰ì— ê³¨í”„ìž¥ì„ ì„¤ë¦½í•˜ê²Œ ë˜ëŠ”ë°, ê·¸ê²ƒì´ ì§€ê¸ˆì˜ ë‚¨ë¶€ì»¨íŠ¸ë¦¬í´ëŸ½. íšŒì›ê¶Œì´ 15ì–µì› ê°€ëŸ‰í•˜ëŠ” êµ­ë‚´ ìµœê³ ê°€ ê³¨í”„ìž¥ì´ë©°, ë¯¼ì†ì´Œ ë°”ë¡œ ì˜†ì— ë¶™ì–´ìžˆë‹¤. ê·¸ëŠ” ë¯¼ì†ì´Œ ìš´ì˜ìœ¼ë¡œ ì–»ì€ ìˆ˜ìµì„ ì‹­ë¶„ í™œìš©í•´ ì„œìš°ìˆ˜ë ¥ ë“±ì˜ ê³„ì—´ì‚¬ë¥¼ ì„¸ì›Œ ì¤‘ì†Œ ìž¬ë²Œì´ ëë‹¤.

ê²°êµ­ ë³¸ëž˜ ì„¬ìœ ì—…ì²´ë¥¼ ìš´ì˜í•˜ë˜[6]Â ì •ì˜ì‚¼ì€ ë…ìž¬ìžì˜ ì¹œì¸ì²™ì´ë¼ëŠ” ì§€ìœ„ë¥¼ ì‹­ë¶„ í™œìš©í•˜ì—¬ êµ­ê°€ ìžê¸ˆê³¼ ê°œì¸ ìž¬ì‚°ì´ ë“¤ì–´ê°„ ë¯¼ì†ì´Œì´ë¼ëŠ” ì‚¬ì—…ì²´ í•˜ë‚˜ë¥¼ í—ê°’ì— ë‚ ë¡œë¨¹ì€ ì…ˆ. ë¬¸ì œëŠ” ê·¸ ì´ì „ì—ëŠ” ê·¸ë‚˜ë§ˆ ë¯¼ì†ì´Œì— ëŒ€í•œ ì •ë¶€ ê´€ë¦¬ê°€ ì´ë£¨ì–´ì¡Œì§€ë§Œ, ë°•ì •í¬ í”¼ì‚´ í›„ ì™„ì „ížˆ ì‚¬ì˜í™”ë˜ëŠ” ëª¨ì–‘ìƒˆë¥¼ ê°–ì·„ë‹¤ëŠ” ì ì´ë‹¤.

2012ë…„ 18ëŒ€ ëŒ€ì„  ì •êµ­ ë‹¹ì‹œ ë¶ˆí•˜ ê³¼ì • ìžì²´ê°€ ë„ë§ˆì— ì˜¬ëžëŠ”ë°,[7]Â ë¶ˆí•˜ ê³¼ì •ì—ì„œ ì •ë¶€ê°€ ì¶œìží–ˆë˜ 7ì–µì›ì˜ í–‰ë°©ì€ ë¬˜ì—°í•˜ë‹¤. íšŒìˆ˜ ì—¬ë¶€ë¥¼ í™•ì¸í•˜ê¸° ì–´ë µë‹¤ëŠ” ê²ƒì¸ë°, í†µí•©ì§„ë³´ë‹¹ ì˜ì›Â ë°•ì›ì„ì´ ì§ˆë¬¸í•˜ìž ë‹¹ì‹œ ë¯¼ì†ì´Œì€ ë‹µë³€ì„ ê±°ë¶€í–ˆë‹¤. ë¯¼ì†ì´Œ í™ë³´íŒ€ì—ì„œëŠ” 'ì˜¤ëž˜ëœ ì¼ì´ë¼ ë‚´ìš©ì„ ìž˜ ì•Œì§€ë„ ëª»í•˜ê³ , ì´ ì‚¬ì•ˆê³¼ ê´€ë ¨í•´ì„œëŠ” í•  ë§ì´ ì—†ë‹¤'ê³  ë‹µí–ˆê³ , ì´ëŠ” 2012ë…„ 10ì›” ê¸°íšìž¬ì •ë¶€ êµ­ì •ê°ì‚¬ì—ì„œ ê±°ë¡ ëë‹¤. ì´ì—Â ë°•ê·¼í˜œÂ ë‹¹ì‹œ ìƒˆëˆ„ë¦¬ë‹¹ í›„ë³´ ì¸¡ì€ ""ì™¸ì‚¬ì´Œë„ ëª¨ë¥´ëŠ” ê±¸ ì™¸ì‚¬ì´Œì˜ 8ì´Œì´ í•˜ëŠ” ì¼ì„ ì–´ë–»ê²Œ ì•„ëŠëƒ""ë©° ""ì‚¬ëˆì˜ 8ì´Œê¹Œì§€ ê²€ì¦í•˜ë ¤ëŠ” ê±´ ì „í˜•ì ì¸ í ì§‘ë‚´ê¸°""ë¼ê³ Â ë°˜ë°•í–ˆë‹¤.

í˜„ìž¬ ë¯¼ì†ì´Œì€ ì •ì˜ì‚¼ì˜ ìž¥ë‚¨ì¸ ì •ì›ì„ì´ ì†Œìœ í•˜ê³  ìžˆëŠ”ë°, ì •ì›ì„ì€ ìœ„ì—ì„œ ì–¸ê¸‰í•œ ë‚¨ë¶€ì»¨íŠ¸ë¦¬í´ëŸ½ ì—­ì‹œ ì†Œìœ í•˜ê³  ìžˆë‹¤. ë³¸ëž˜ì˜ ì†Œìœ ìžì˜€ë˜ ê¹€ì •ì›…ì€ ì´ë¥¼ ëŒë ¤ë°›ê¸° ìœ„í•´ ë‘ ì°¨ë¡€ ì†Œì†¡ì„ ì§„í–‰í–ˆë‹¤ê³  í•˜ë‚˜, ë°›ì•„ë“¤ì—¬ì§€ì§€ ëª»í•œ ì±„ë¡œ 40ë…„ì´ í˜ë €ë‹¤. í˜„ìž¬ ì •ì”¨ ì¼ê°€ì˜ í˜„ìž¬ ìžì‚°ì€ 4500ì–µì›ì„ ë„˜ì–´ì„œëŠ” ê²ƒìœ¼ë¡œ ì•Œë ¤ì¡Œë‹¤."
163,1.3,2022.10.29.,ì†Œë§ì´ë¼ëŠ” ì†Œë¥¼ í‚¤ìš°ëŠ”ê±° ê°™ë˜ë° ì§„ì§œ ë¶ˆìŒí•¨.. ì¡°ê·¸ë§Œ ê³µê°„ì— ì†Œë¥¼ ë°§ì¤„ë¡œ ë¬¶ì–´ë†“ê³  ë­í•˜ëŠ”ê±´ì§€.. ë„ˆë¬´ ì—´ì•…í•¨. ì†Œë§ì´ ëˆˆì—ëŠ” ëˆˆë¬¼ì´ ê·¸ë ê·¸ë  ìŒë©”ì—ì— í•˜ê³  ê³„ì† ìš´ë‹¤. ë¼ˆë„ ì•™ìƒí•˜ê³  ì´ëŸ¬ë‹¤ ì£½ëŠ”ê±´ ì•„ë‹Œì§€ ê±±ì •í• ì •ë„ìž„. ê´€ë¦¬ì¢€ í•´ì£¼ì‹œê¸¸...
164,3.1,2022.10.29.,"ì–´ì´ê°€ ì—†ëŠ”ê²Œ í•œêµ­ë¯¼ì†ì´Œ ìž…ìž¥ë£Œê°€ 19800ì›ì¸ë° ë†€ì´ê¸°êµ¬ ë¹„ìš©ì´ í¬í•¨ë˜ì–´ìžˆìŒ. ë†€ì´ê¸°êµ¬ íƒˆ ë§ˆìŒë„ ì—†ëŠ”ë° ë†€ì´ê¸°êµ¬ ë¹„ìš©ì´ í¬í•¨ë˜ì–´ ìžˆìŒ. ìžìœ ì´ìš©ê¶Œì´ë¼ê³  íŒŒëŠ”ë°. ì´ê²Œ ì„¤ëª…ë„ ì œëŒ€ë¡œ ì•ˆë˜ì–´ìžˆê³  ê·¸ëƒ¥ ìž…ìž¥ë£Œ ëª…ëª©ìœ¼ë¡œ ë‚´ëŠ” ê²ƒ ì²˜ëŸ¼ ë˜ì–´ ìžˆìŒ. ì„¤ ì—°íœ´ ë°”ë¡œ ë‹¤ìŒë‚  ê°”ëŠ”ë° êµ­ê¶ì²´í—˜? í™œì˜ëŠ” ì²´í—˜ì´ë¼ê³  ìžˆëŠ”ë° ì²´í—˜ë¹„ê°€ 5ì²œì›.
 í™œ 10ê°œ ë‚¨ì§“ ì´ë³´ëŠ”ë° ëˆì„ ëƒ„. ê·¸ê²ƒë„ í˜„ê¸ˆ, ì•„ë‹ˆë©´ ìžë™ì´ì²´ë¡œ ë‚´ë¼ê³  í•¨. ìžìœ ì´ìš©ê¶Œì´ë¼ê³  ëŠê³  ë“¤ì–´ê°”ëŠ”ë° í™œ ì˜ë ¤ë©´ ëˆì„ ë‚´ì•¼ í•¨. ê·¸ê²ƒë„ í˜„ê¸ˆ ì•„ë‹ˆë©´ ìžë™ì´ì²´ë¡œ. ëŒ€ì²´ ëˆ„êµ¬ í˜¸ì£¼ë¨¸ë‹ˆë¡œ ë“¤ì–´ê°€ëŠ”ì§€ ëª¨ë¥´ê² ìŒ. ë” ì–´ì´ì—†ëŠ”ê±´ êµ­ê¶ì²´í—˜ì´ë¼ê³  í™œì˜ê¸° ì²´í—˜ì´ë¼ê³  ì•ˆë‚´ë˜ì–´ìžˆëŠ” í‘œì§€íŒ . ê·¸ë¦¬ê³  ì²´í—˜ì„ í•˜ê¸° ì§ì „ê¹Œì§€ 5ì²œì› ì´ë¼ëŠ”ê²Œ ì–´ë””ì—ë„ ì•ˆë‚´ í‘œì§€íŒì´ ì—†ìŒ(ìœ ë£Œ í™•ì¸ ì•ˆë‚´ê°€ ì—†ìŒ) ì˜ê¸° ì§ì „. ì¤„ ë§¨ ì•žì— ë‹¤ê°€ì„œì•¼ ëˆì„ ë‚´ì•¼ ì²´í—˜ì„ í•  ìˆ˜ ìžˆë‹¤ê³  í•¨. ì •ë§ ì–´ì´ê°€ ì—†ì–´ì„œ.. í™œ í•œë²ˆ ì˜ëŸ¬ ê°„ê±´ë° ì´ëŸ´ê±°ì˜€ìœ¼ë©´ ìž…ìž¥ë£Œì—... ìž…ìž¥ë£Œì— ë­ê°€ í¬í•¨ë˜ì–´ ìžˆëŠ”ì§€ ì œëŒ€ë¡œ ì„¤ëª…ì´ë¼ë„ í•´ì£¼ë˜ê°€. ë§ë¡œëŠ” ìžìœ ì´ìš©ê¶Œì¸ë° í¬í•¨ì´ ì•ˆë˜ëŠ”ê²Œ ë§Žë‹¤. ë¹™ì–´ì²´í—˜ì€ ë§Œì›. ì œê¸°ì°¨ê¸°, íŒ½ì´ëŠ” ë¬´ë£Œ, ë°›ê³ ì‹¶ì€ê±´ ëˆì„ ë°›ê³  ë¬´ë£Œë¡œ í•˜ê³ ì‹¶ì€ê±´ ë¬´ë£Œë¡œ í•œë‹¤. ì‚¬ì „ì— ì–´ë– í•œ ì•ˆë‚´ë„ ì—†ë‹¤. ì¤„ì„œë„ ëª¨ë¥¸ë‹¤. ì¤„ ë§¨ ì•žì— ë‹¤ê°€ì„œì•¼ ì•Œ ìˆ˜ ìžˆë‹¤. ìžìœ ì´ìš©ê¶Œì€ ë†€ì´ê¸°êµ¬ ìžìœ ì´ìš©ê¶Œì„ ë§í•˜ëŠ” ë“¯ ì‹¶ì—ˆë‹¤. ê·¼ë° ë¯¼ì†ì´Œì— ë†€ì´ê¸°êµ¬ íƒ€ëŸ¬ ê°€ëƒ? ì ì–´ë„ ë‚œ ì˜¤ëŠ˜ ì „ê¹Œì§€ëŠ” ì•Œì§€ë„ ëª»í–ˆë‹¤. 
í™œì˜ê¸° ì²´í—˜(êµ­ê¶ì²´í—˜) í˜„ê¸ˆ 5ì²œì› ì´ê±° ëˆ„êµ¬ í˜¸ì£¼ë¨¸ë‹ˆë¡œ ë“¤ì–´ê°€ëŠ”ì§€ ì¡°ì‚¬í•˜ê³  ì‹¶ë‹¤.  
í•œêµ­ë¯¼ì†ì´Œì´ë¼ëŠ” ì´ë¦„ì„ ë‹¬ê³  ì´ëŸ°ì‹ìœ¼ë¡œ ìž¥ì‚¬ë¥¼ í•´ì„œì•¼ ë˜ê² ë‚˜.  
ìž…ìž¥ë£Œê°€ ì™œì´ë¦¬ ë¹„ì‹¼ì§€ ëª¨ë¥´ê² ë‹¤. ë”ì´ìƒ ê°€ë³ê²Œ ê°ˆ ìˆ˜ ìžˆëŠ” ê³³ì´ ì•„ë‹ˆë‹¤. ìž¥ì‚¬ì¹˜ë“¤ì˜ ë†€ì´í„°ë‹¤."
165,3.2,2022.10.23.,ìƒê°ë³´ë‹¤...ã… ã… 
166,3.8,2022.10.02.,ìƒê°ë³´ë‹¤ ë³¼ê±°ì—†ìŒ
167,2.9,2022.10.01.,ì£¼ë§ì¸ë° ë†€ì´ê¸°êµ¬ ì ˆë°˜(íƒˆë§Œí•œê²ƒë“¤ ìœ„ì£¼)ì„ ìš´ì˜ ì•ˆí•´ì„œ ë‹¤ë¥¸ ê¸°êµ¬ë“¤ ì¤„ì´ ìž¥ë‚œì•„ë‹ˆë”ë¼êµ¬ì—¬..ê·¸ë¦¬ê³  ì˜¤í›„8ì‹œì— ì—°ë¶„ ê³µì—° ë³´ë ¤ê³  ì˜¤í›„5ì‹œ30ë¶„ë¶€í„° ì‚¬ëžŒë“¤ì´ ì´ë¯¸ ìžë¦¬ìž¡ê³  ì•‰ì•„ìžˆì—ˆê³  ã…‹ã…‹ã…‹ 7ì‹œ30ë¶„ì¯¤ì— ì„œì„œë¼ë„ ë³´ë ¤ê³  í–ˆëŠ”ë° ê³µì—° ê±°ì˜ ë³´ì´ì§€ë„ ì•ŠëŠ” ë¬´ëŒ€ ë’·ìª½ì— 5ë¶„ ì„œìžˆë‹¤ê°€ í¬ê¸°í•˜ê³  ê·¸ëƒ¥ ë‚˜ì™”ì–´ìš” ã…‹ã…‹
168,1.0,2022.09.13.,ìž…ìž¥ë£Œê°’ ëª»í•˜ëŠ”ê³³ í‰ì¼ì—” ë°˜ì´ìƒ ë‹¤ ë‹«ì•˜ëŠ”ë° ë­˜ ì²´í—˜ í•˜ê³  ì¦ê¹ë‹ˆê¹Œ? ì‚°ì±…ë§Œ í• ìˆ˜ ìžˆëŠ”ê³³ ì£¼ë§ê³¼ ê³µíœ´ì¼ì— ì£„ë‹¤ ì—´ë©´ì„œ í‰ì¼ ìž…ìž¥ë£Œëž‘ ì£¼ë§ ìž…ìž¥ë£Œëž‘ ë˜‘ê°™ì´ ë°›ëŠ” ì´ìœ ëŠ” ë­ì£ ?
169,3.8,2022.09.13.,ì˜¤ëžœë§Œì— ë°©ë¬¸í•˜ì˜€ë„¤ìš”.ì •ë¬¸ì—ì„œ ìž„ì‹œì£¼ì°¨ìž¥ìœ¼ë¡œ ì•ˆë‚´ë˜ì–´ ë„ì°©í•´ì„œ ì£¼ì°¨ë¥¼ í•˜ì˜€ìŠµë‹ˆë‹¤.ìž…ìž¥ë£Œ ê½¤ë‚˜ ë¹„ì‹¸ë„¤ìš”.ì• ë“¤ì´ ì¢‹ì•„í•˜ëŠ” ë†€ì´ê¸°êµ¬ê°€ ìžˆì–´ì„œ ê°€ì¡±ë‚˜ë“¤ì´ë¡œëŠ” ì¢‹ê² ë„¤ìš”.ì—¬ê¸°ì €ê¸° êµ¬ê²½í•˜ë©´ ì ì‹¬ìœ¼ë¡œ êµ­ë°¥ê³¼ í‘ë¯¸ë§‰ê±¸ë¦¬ë¡œ ê°„ë‹¨í•˜ê²Œ í•´ê²°í•˜ì˜€ë„¤ìš”.ë§Žì€ ì¸íŒŒë¡œ ì¸í•˜ì—¬ ê°ì–‘ê°ìƒ‰ì˜ ì‚¬ëžŒêµ¬ê²½ê³¼ ë¨¹ê±°ë¦¬ë„ ë‹¤ì–‘í•´ì„œ ì¢‹ì€ í•˜ë£¨ë¥¼ ìž˜ë§ˆë¬´ë¦¬ í•˜ì˜€ìŠµë‹ˆë‹¤.
170,3.6,2022.09.13.,
171,3.4,2022.09.11.,"ì—¬ëŸ¬ ì–‘ì‹ì˜ í•œì˜¥ë¿ë§Œì´ ì•„ë‹ˆë¼ ë†€ì´ê¸°êµ¬ë„ ìš´ì˜ë˜ê³  ìžˆì–´ìš”.
ê°ì¢… ê¸°ë…í’ˆìƒµ, ì»¨ì…‰ìžˆëŠ” ì§ì›ë¶„(ìžì¹­ npc)ë“¤, ê·¸ë¦¬ê³  ì—°ê·¹ê¹Œì§€ ì»¨í…ì¸ ë“¤ ë§Žì•„ì„œ í•˜ë£¨ì¢…ì¼ ì¦ê¸¸ ìˆ˜ ìžˆëŠ” ê³³ìž…ë‹ˆë‹¤.
í‘œê°’ ë¹„ì‹¸ê¸´ í•˜ì§€ë§Œ í• ì¸ë°›ì„ ìˆ˜ ìžˆëŠ” ê²Œ ë§Žìœ¼ë‹ˆ í™•ì¸ í•„ìš”í•´ìš”"
172,3.9,2022.08.25.,"ìž…ìž¥ë£Œê°€ ì—„ì²­ ë¹„ì‹¼ë°, ì—¬ë¦„ì´ë¼ ë”ì› ì§€ë§Œ í•œë³µ ëŒ€ì—¬ê¹Œì§€ í•´ì„œ ì¢‹ì€ ì¶”ì–µ ë§Œë“¤ê³  ì™”ìŠµë‹ˆë‹¹ ìƒê°í–ˆë˜ê²ƒ ë³´ë‹¤ëŠ” ë„“ì—ˆê³ , í‰ì¼ì´ë¼ ì‚¬ëžŒë„ ê·¸ë ‡ê²Œ ë§Žì§€ ì•Šì•„ì„œ ì¢‹ì•˜ì–´ìš”"
173,2.6,2022.08.15.,"ê¼­ í•œë²ˆ ê°€ë³¼ë§Œí•œ ê³³
ì£¼ì°¨ë¹„ëŠ” ì˜¤ë°”"
174,5.0,2022.08.06.,
175,4.1,2022.07.05.,"ë‚ ì´ ë„˜ ë”ì› ëŠ”ë°ë„ ê³µì—°í•˜ì‹œëŠ” ë¶„ë“¤ ì—„ì²­ í”„ë¡œíŽ˜ì…”ë„í•˜ê²Œ í•˜ì‹œëŠ” ëª¨ìŠµ ë„˜ ì¢‹ì•˜êµ¬, í‰ì¼ì´ë¼ ë‹«ì€ê²ƒì´ ë§Žì•˜ì§€ë§Œ ì¦ê¸¸ë§Œí–ˆì–´ìš”. ë‹¤ë§Œ ìž…ì¶œêµ¬ì— ìžˆëŠ” ê¸°í”„íŠ¸ìƒµ ì§ì› ì¤‘ë…„ì—¬ì„±ë¶„, ë°©ë¬¸ê° ë§Œì§€ëŠ”ê±°ë§ˆë‹¤ ë”°ë¼ë‹¤ë‹ˆë©´ì„œ ëŒ€ë†“ê³  ì†Œë…í‹°ìŠˆë¡œ ë‹¦ëŠ”ê±° ë§¤ìš° ë¶ˆíŽ¸í–ˆìŠµë‹ˆë‹¤. ë‚˜ê°€ëŠ” ê¸¸ì— ë­ ì¢€ ì‚¬ê°€ë ¤ë‹¤ê°€ ê¸°ë¶„ ë‹¤ ìž¡ì¹˜ê³  ë‚˜ì™”ë„¤ìš”.."
176,4.8,2022.07.04.,?  í•™ìƒí•œí…Œ ê·¸ëŸ¬ê³  ì‹¶ëƒ ìœ ì¹˜ì›ìƒ ì£¼ì œì—
177,2.6,2022.06.28.,ë‹ˆê°€ ì¹˜ë£Œí•˜ì„¸ìš” ã…‹ã…‹ ê¸¸ê³ ì–‘ì´ ì¹˜ë£Œí•´ë‹¬ë¼ê³  ë‚¨í•œí…Œ ë¶€íƒí•˜ë„¤
178,4.6,2022.06.25.,ìž˜ê±·ì§€ëª»í•˜ëŠ” ì•„í”ˆê³ ì–‘ì´ê°€ ìžˆì—ˆì–´ìš”. í„¸ì´ ë°˜ì¯¤ ë¹ ì ¸ìžˆê³  ê³„ì† ì¹¨í˜ë¦¬ê³  í•˜ì•…ê±°ë¦¬ëŠ”ë° ë§˜ì´ì•„íŒŒìš”. ë¯¼ì†ì´Œ ì•ˆì— ë‚¨ë¶€ì§€ì—­ëŒ€ê°€ì§‘ì— ìˆ¨ì–´ìžˆì–´ìš”. ê³ ê°ì„¼í„° ì „í™”ë¡œ ì•Œë ¤ë“œë ¸ëŠ”ë° ì•„í”ˆê³ ì–‘ì´ ê¼­ ì¹˜ë£Œí•´ì£¼ì„¸ìš”ã… ã… 
179,4.5,2022.06.19.,"ì•¼ê°„ê°œìž¥ìœ¼ë¡œ 17000ì› ë‚´ê³  ë“¤ì–´ê°”ì–´ìš” 
ì• ê¸°ëž‘ ê°™ì´ê°”ëŠ”ë° ìœ ëª¨ì°¨ê°€ ëª‡í‚¤ë¡œ ì´ìƒë¶€í„° ì‚¬ìš©ê¸ˆì§€ê°€ ì•„ë‹ˆë¼ 36ê°œì›” ì´ìƒë¶€í„° ëŒ€ì—¬ ì•ˆí•´ì¤€ë‹¤ë„¤ìš” 37ê°œì›”ì´ë¼ ëª»ë¹Œë ¸ì–´ìš”..
ë³¼ê±°ë¦¬ëŠ” ë§Žê³  ë°¤ì— í•˜ëŠ” ê³µì—°ì€ ì •ë§ ìž¬ë¯¸ìžˆê²Œ ë´¤ì–´ìš”"
180,3.2,2022.06.12.,ìž…ìž¥ë£Œ ì§€ë¦°ë“œì•œ
181,4.4,2022.05.31.,ì¢‹ì•„ìš”
182,3.8,2022.05.28.,"ìµœê³ ì˜€ì–´ìš” ì •ë§ í€„ë¦¬í‹° ì¢‹ê³  ë³¼ê²Œ ë§Žê³ 
ë°•ë¬¼ê´€ë„ ì›¬ë§Œí•œ ê³³ë³´ë‹¤ í›¨ì”¬ ë” ì¢‹ì•˜ìŠµë‹ˆë‹¤"
183,4.6,2022.05.24.,ìž…ìž¥ë£Œê°€ ì™œ ë¹„ì‹¼ê±´ì§€. í•œêµ­ë¯¼ì†ì´Œì˜ ì§„ì‹¤ì„ ë³´ê³  ì•Œì•˜ë„¤ìš”. í•˜â€¦â€¦â€¦..
184,5.0,2022.05.15.,
185,1.3,2022.05.11.,ì‹ë‹¹ ê´€ë¦¬ ì¢€ í•´ë¼. ì“°ë ˆê¸°ë¥¼ ë¹„ì‹¸ê²Œ íŒ”ê³  ìžˆë‹¤.
186,1.2,2022.04.24.,
187,2.5,2022.04.14.,ìž¥êµ­ë°¥ ë§›ì§‘ â˜†â˜†â™¡â™¡
188,2.3,2022.03.19.,"ë¯¼ì†ì´Œì´ ì–´ì©Œë‹¤ ì´ëž˜ë«ëŠ¥êµ
ë¯¼ì†ì´Œì€ ì˜› ë†€ì´ë¥¼ ì•Œë ¤ì£¼ê³  ê²½í—˜í•´ë³¼ìˆ˜ìžˆê²Œ í•´ì£¼ëŠ”ê³³ì•„ë‹Œê°€ìš”.
ë¹„ìŒ‰ë‹ˆë‹¤ ê·¸ê²ƒë„ë§¤ìš°..
ì´ëˆì´ë©´ ë‹¤ë¥¸ë†€ì´ê³µì›ì„ê°€ë„ ì‹ ë‚˜ê²Œë†€ì§€ìš”
ê·¸ë ‡ë‹¤ê³  ì•ˆì—ì„œ ë˜ ëˆì„ì•ˆì“°ëŠ”ê²ƒë„ì•„ë‹ˆê³ ...
ì‹ ë¬¸ë¬¼ì„ ì¦ê¸°ê²Ÿì–´ìš”"
189,3.6,2022.03.13.,ìš°ì²œì‹œ í• ìˆ˜ìžˆëŠ”ê²Œ ì—†ìŒ ã… 
190,3.4,2022.03.06.,"í˜„ìž¥ ì˜ˆë§¤í•˜ì§€ë§ˆì…”ìš”â€¦ (â‚©32,000)
ì¿ íŒ¡ì´ë‚˜ í‹°ëª¬ì—ì„œ ìžìœ ì´ìš©ê¶Œêµ¬ë§¤(â‚©18,700)í•´ì„œ, ì¸ê·¼ì§€ì—­ ì£¼ë¯¼í• ì¸ë³´ë‹¤ ì €ë ´í•˜ê²Œ ì´ìš©í•˜ì„¸ìš” ..ë†€ì´ê¸°êµ¬ ì¡°ì´í•˜ê¸´í•œë°â€¦ë‚˜ë¦„ ê´œì°®ì•˜ìŠµë‹ˆë‹¤..ì˜¤ì§•ì–´ ê²Œìž„ë„ 1ì‹œê°„ ê°€ê¹Œì´ í–ˆêµ¬ì—¬â€¦ã…‹ã…‹(ì§„í–‰ìž_ì¤€ì½”ë¯¸ë””ì–¸ìˆ˜ì¤€)â€¦ê°€ëŠ”ë‚ ì´ ìž¥ë‚ ì´ë¼ê³  ì˜¤í›„ì— ì •ì „ë˜ì„œ ì˜¤ì ì„ ëƒ‰ê²¼ë„¤ìš”â€¦ìž¥í„° ë°¥ê°’ì€ ì«Œ ë‚´ë¦¬ë©´ ì¢‹ê² ë„¤ìš”â€¦ì´ê²Œ â‚©29,000ì´ë¼ë‹ˆ"
191,1.8,2022.02.26.,
192,3.2,2022.02.15.,"*ë„ˆë¬´ì¶”ìš´ë‚ ì—  ë°©ë¬¸í–ˆì–´ìš”.

* í•œ 10ë…„ì „ ì´ëž‘, ë‹¤ë¥¸ê²Œ ìžˆë‚˜?

ìžˆë‹¤ìžˆë‹¤,ìž…ìž¥ë£Œ ..."
193,2.3,2022.01.29.,ë””ì¦ˆë‹ˆ ê°™ì€ ê³³ ë³´ê³  ì¢€ ë°°ìš°ê³  ê´€ë¦¬ì§ë“¤ ë¬¼ê°ˆì´ë„ ì¢€ í•´ì•¼ í•  ë“¯?
194,3.4,2022.01.08.,"ìž…ìž¥ë£Œê°€ ë¹„ì‹¸ë„¤ìš”
ì£¼ì°¨ë¹„ ì„ ë¶ˆì´ë‹ˆê¹Œ ìž…ìž¥ë£Œ ìž˜ ì•Œì•„ë³´ê³  ê°€ì„¸ì—¬"
195,2.8,2022.01.05.,
196,3.2,2021.12.19.,"ì§„ì§œ ë¹„ì‹¸ë„ ë„ˆë¬´ ë¹„ì‹¸ìš” ëª¨ë“  ê²Œ ëˆ..
ë³¼ ê²ƒë„ ì—†êµ¬ìš” ì ˆëŒ€ ì•ˆ ê°ˆëž˜ìš” ë‹¤ì‹œëŠ”.."
197,4.5,2021.12.01.,ë³¼ê²ƒë„ ë§Žê³  ìž¥í„° ìŒì‹ì´ë§›ìžˆìŒ.ë†€ì´ê¸°êµ¬ë„ ì˜ˆìƒë³´ë‹¤ ìž¬ë°Œ
198,3.8,2021.11.20.,"ê·¸ ë•Œ ê·¸  ë†€ì´ì— ë¬´ê¶í™”ê½ƒì´ í”¼ì—ˆìŠµë‹ˆë‹¤ í•œë‹¤ê³  í•˜ë”ë‹ˆ
ì•„ë¬´ë‚˜ ì°¸ì—¬ ê°€ëŠ¥í•œ ë†€ì´ ì•„ë‹ˆë”êµ°ìš”.

ì• ë“¤ ê´œížˆ ê¸°ëŒ€ë§Œ í•˜ê²Œ í•˜ê³ 
12ì‹œ ì¢€ ë„˜ì–´ì„œ ê°”ë”ë‹ˆ  ë‹¤ìŒ íƒ€ìž„ì— ì˜¤ë©´ ëœë‹¤ë”ë‹ˆ
3ì‹œ ë˜ê¸° ì „ 2ì‹œ 40ë¶„ ê°€ì„œ ê¸°ë‹¤ë ¸ë”ë‹ˆ
3ì‹œì— ì§„í–‰ìžë“¤ ëˆˆì— ë“¤ì–´ì˜¨ ì‚¬ëžŒë§Œ í•  ìˆ˜ ìžˆë‹¤ê³ .
ê¸°ëŒ€ í–ˆë˜ ì• ë“¤ì€ ë­¡ë‹ˆê¹Œ
ì§„í–‰ìš”ì›ë„ ì§œì¦ì„žì¸ ë§íˆ¬.
ë¯¼ì†ì´Œ ì²˜ìŒ ì™”ëŠ”ë° ë³„ë£¨ë„¤ìš”."
199,4.3,2021.11.13.,
200,3.9,2021.10.28.,ê°€ì„ì— ê°”ë”ë‹ˆ ë¶„ìœ„ê¸° ì¢‹ë˜ë°ì—¬??!!! ê°€ì¡±ë‹¨ìœ„ ë°©ë¬¸ ì¶”ì²œ!! ê·¼ë° ìžì´ë¡œìŠ¤ìœ™ ê°™ì´ ìƒê¸´ ê±´ íƒ€ì§€ë§ˆì„¸ìš” ë…¸ìž¼ìž„..  ê·¸ë¦¬ê³  ìž…ìž¥ë£Œ ì‚´ì§ë§Œ ë‚´ë ¸ìœ¼ë©´.. ë„ˆë¬´ ë¹„ì‹¸ìš”..ê·¸ì •ë„ëŠ” ì•„ë‹™ë‹ˆë‹¤
201,3.7,2021.10.02.,ë„ˆë¬´ ì´ì˜ê³  ì¡°ì„ ì‹œëŒ€ê°™ì´ ë˜‘ê°™ì´ í•´ë‚¬ìŒ
202,3.6,2021.09.24.,"ëª…ì ˆì— ê°€ì„œ ê·¸ëŸ°ì§€ ë³¼ê±°ë¦¬ë‚˜ ë†€ì´ê¸°êµ¬ ìš´ì˜ì´ ë°‘ì— í›„ê¸°ì²˜ëŸ¼ í›„ì§„ ìˆ˜ì¤€ì€ ì•„ë‹ˆê³  ë‚˜ë¦„ ìž¬ë°Œê²Œ ìž˜ ë†€ì•˜ìŠµë‹ˆë‹¤.. 
ê·¸ëŸ°ë° 
í’ë¬¼ë†€ì´ ê³µì—°ìž¥ ì˜† ë‹­ê¼¬ì¹˜ íŒŒëŠ” ë…¸ì ìƒì—ì„œ
ë‹­ê¼¬ì¹˜ ë§Œë“œì‹œëŠ” ì•„ì£¼ë¨¸ë‹ˆê°€ ì“°ë ˆê¸°í†µì„ ë’¤ì ¸ì„œ ëª¨ì€ ê¼¬ì¹˜ë“¤ì„ ìž¬í™œìš© í•˜ì‹œë„¤ìš”; ì§„ì§œ ë“œëŸ¬ì›Œì„œ ì°¸; ê°œë¹¡ì¹˜ë„¤ 
ì‹¬ì§€ì–´ ë¨¹ì€ ì‚¬ëžŒë“¤ì´ ë°”ë¡œ ì•žì— ìžˆëŠ”ë° â™ªâ™¬â™ªâ™ª
ì¶©ê²©ë„ ë°›ê³  ê¸°ë¶„ë„ ìž¡ì¹˜ê³  ì¹œêµ¬ëŠ” ëª»ë³´ê³  ì €ë§Œ ëª©ê²©í•œê±° ê°™ì•„ì„œ í‹°ì•ˆë‚´ê³  ê± ë‚˜ì™”ì–´ìš”
ì™¸ì—ë„ ë¯¼ì†ì´Œ ì•ˆì— ìžˆë˜ ìŒì‹ì  ì „ë°˜ì ìœ¼ë¡œ ë§›ë„ êµ¬ë¦¬ê³  ì„œë¹„ìŠ¤ë„ ë³„ë¡œì˜€êµ¬ìš”
íšŒì˜¤ë¦¬ê°ìž íŒŒì‹œë˜ë¶„ë“¤ë§Œ ìœ ì¼í•˜ê²Œ ì¹œì ˆí•˜ì‹œê³  ë§›ë„ ì¢‹ì•˜ìŠµë‹ˆë‹¤"
203,3.2,2021.09.24.,
204,3.9,2021.09.22.,
205,1.0,2021.09.15.,"ì…”í‹€ë²„ìŠ¤ ê¸°ì‚¬.
ì™„ì „ ì¸ê²© ì œë¡œ,
ìžì„¸í•œê±´ í™ˆí”¼ì— ê¸€ì˜¬ë¦¬ê² ìŠµë‹ˆë‹¤.
ì£¼ì°¨ë¼ì¸ì´ ì•ˆë³´ì´ëŠ”ê±´ì§€ ëª»ë³´ëŠ”ê±´ì§€ 
ë§ì´ ì•ˆí†µí•˜ê³ 
ì§ì›ë¶„ì—ê² ì•„ì£¼ ì•½í•˜ì‹œê³ 
ì•„ì¤Œë§ˆëž‘ í• ë¨¸ë‹ˆê»œ ê²ë‚˜ ê°•í•œì‹  ì•„ì£¼ ë¹„ê²í•œë¶„!"
206,3.3,2021.09.15.,ëˆë‚´ê³ ê°€ì„œ ì•„ë¬´ê²ƒë„ ëª»í•¨ ã… 
207,1.4,2021.08.15.,ëˆ„ê°€ ëˆë‚´ê³  ì‚°ì±…í•˜ê³  ì‹¶ìŠµë‹ˆê¹Œ
208,5.0,2021.08.11.,
209,3.9,2021.07.22.,"ìž…ìž¥ë£Œì— ë¹„í•´ ìƒê°ë§Œí¼ ë³¼ê±°ë¦¬ëŠ” ë§Žì§€ì•ŠìŒ
ìºë¦­í„°ë³´ëŸ¬ ê°€ëŠ”ê²Œ í°ë° ìºë¦­í„°ë„ ê·¸ëƒ¥ ì–¼êµ´ë¹„ì¶”ëŠ”ì •ë„ì´ì§€ í•˜ë£¨ì¢…ì¼ ë”°ë¼ë¶™ì–´ì„œ ë³¼êº¼ì•„ë‹ˆë©´ ì˜¤ëž˜ëª»ë´„
ì²´í—˜í• ìˆ˜ìžˆëŠ”ê±´ ë§Žìœ¼ë‚˜ í ..

í˜„ìž¬ëŠ” ìºë¦­í„°ë“¤ì´ ê±°ì˜ í‡´ì‚¬í•œìƒíƒœë¼ ê°ˆì¼ì—†ì„ë“¯.."
210,4.5,2021.07.13.,ì‚¬ë˜ì˜ ìƒì¼ìž”ì¹˜ë³´ëŸ¬ ë‘ë²ˆì´ë‚˜ ê°”ëŠ”ë° ë¹„ë•Œë¬¸ì— ë‘ë²ˆì´ë‚˜ ì‹¤íŒ¨.ã…œã…œ
211,4.5,2021.06.27.,
212,2.8,2021.06.26.,"ìš°ì„  ì €ëŠ” ìš´ì¢‹ê²Œ 1ë§Œì›ì— ë‹¤ë…€ì™”ëŠ”ë° 1ë§Œì›ë„ ì•„ê¹Œì› ìŠµë‹ˆë‹¤.
í‹°ë¹„ì—ì„œ ë³´ì—¬ì£¼ë˜ ê·¸ëŸ° ì¹œì ˆí•˜ê³  í™œë‹¬í•œë¶„ë“¤ì€ ë‹¤ ì–´ë””ì—?
ê±°ì§€ë¶„ìž¥ ì‚¬ë˜ë¶„ìž¥ ì£¼ëª¨ë¶„ìž¥ ì•„ë¬´ë„ ì•ˆí•˜ê³ ìžˆê³  ê·¸ëƒ¥ ëˆì“°ëŸ¬ì˜¨ í˜¸êµ¬ë“¤ ëŒ€í•˜ë“¯ ëŒ€í•˜ëŠ”ëª¨ìŠµì— ë„ˆë¬´ë‚˜ë„ ì‹¤ë§í•˜ì˜€ìŠµë‹ˆë‹¤.
ë‹¤ì‹  ì£½ì„ê¹Œì§€ ë‹¨ í•œë²ˆë„ ì˜¬ìƒê° ì—†ìŠµë‹ˆë‹¤."
213,3.0,2021.06.20.,"ì²´í—˜ ì‹œì„¤, ì•„ì´ë“¤ ìƒëŒ€ë¡œ ë„ˆë¬´ ìž˜ íŒ”ì•„ìš”. 
ì²´í—˜ ì•½ê°„, ë¬¼ê±´ ì‚¬ëŠ” ê±´ë° ëˆ ë§Žì´ ì¼ì–´ìš”."
214,3.9,2021.06.19.,ì¡°ì¹´ì• ë“¤ì´ëž‘ ê°”ëŠ”ë° ì¡°ì¹´ì• ë“¤ì´ ë†€ì´ê¸°êµ¬ë§Œ íƒ€ìžê³ í•´ì„œ ë°”ì´í‚¹ë§Œ ëª‡ë²ˆì„ íƒ”ëŠ”ì§€ã…Žã…Žã…Ž
215,5.0,2021.04.15.,
216,3.9,2021.04.07.,
217,5.0,2021.04.06.,
218,4.2,2021.03.31.,êµ³
219,2.0,2021.03.21.,ã…ˆã„´êµ¬ë ¤ìš©
220,3.1,2021.03.11.,"ì •ì˜ì‚¼ë‹˜ ì†Œìœ ...í–ˆë‹¤ëŠ”ë°

https://manyfactory.tistory.com/135"
221,4.2,2021.03.10.,
222,5.0,2021.02.17.,
223,3.3,2021.02.11.,"ë¹™ì–´ ë§Žì´ ìž¡ì•„ê°€ë„
ê°™ì€ ì–‘ì„ ì¤˜ìš”
í™œë¹™ì–´ íŠ€ê¹€ì´ ì•„ë‹ˆë¼
ì£½ì€ ë¹™ì–´ íŠ€ê¹€ì¸ë“¯ ã…¡ã…¡"
224,1.0,2021.01.19.,"ì—¬ìžì¹œêµ¬ì™€ ë°ì´íŠ¸ë¡œ 2021.1 16.ì— ë°©ë¬¸.
ì•„ë¬´ë¦¬ ì½”ë¡œë‚˜ì— ê°•ì¶”ìœ„ë¼ì§€ë§Œ ë³¼ ê²ƒë„ ì—†ê³ , ì´ë²¤íŠ¸ë„ í˜•íŽ¸ì—†ê³ , ë¨¹ì„ê²ƒë„ í˜•íŽ¸ì—†ê³ ...ê·¸ëƒ¥ ë°©ì¹˜ ìˆ˜ì¤€ ê°™ì•˜ìŠµë‹ˆë‹¤. ì´ëž˜ë†“ê³  1ì¸ë‹¹ ìž…ìž¥ë£Œ 22000ì›ì„ ë°›ë‹¤ë‹ˆ...ìž…ìž¥ë£Œë¥¼ ì¤„ì—¬ì•¼ í•˜ëŠ” ê±° ì•„ë‹Œê°€ìš”?
ì•„ë¬´íŠ¼ ì£¼ìœ„ì—ì„œ í•œêµ­ë¯¼ì†ì´Œ ê°„ë‹¤ê³  í•˜ë©´ ëœ¯ì–´ ë§ë¦¬ê² ìŠµë‹ˆë‹¤"
225,3.7,2021.01.04.,
226,3.7,2020.12.30.,ë¯¼ìžì‹œì„¤
227,4.5,2020.12.15.,
228,4.7,2020.11.18.,
229,5.0,2020.11.17.,
230,4.5,2020.11.16.,ë§˜ì´íŽ¸í•œê³³
231,4.8,2020.11.15.,ê°€ì„ì— ì˜¤ë‹ˆ ìš´ì¹˜ê°€ ìžˆë„¤ìš”
232,3.3,2020.11.09.,
233,3.0,2020.11.08.,
234,4.5,2020.11.04.,"ì•¼ê°„ì€ ì²˜ìŒê°”ëŠ”ëŒ€ ìƒ‰ë‹¤ë¥´ë„¤ìš”
ê³µì—°ë„ ìž˜ë³´ê³  êµ¿êµ¿"
235,4.7,2020.10.29.,
236,4.6,2020.10.19.,ì¡°ìš©í•˜ê³ .ì¢‹ìŒ
237,3.4,2020.10.19.,ë‹¨í’ì´ ë©‹ìŠ¤ëŸ½ê³  ì‚¬ëžŒ ì—†ì–´ ë„ˆë¬´ ì¢‹ì•˜ì–´ìš”. êµ¿êµ¿!!
238,3.1,2020.10.06.,"ì‚¬ëžŒë“¤ì´ ì—†ì–´ì„œ ì€ê·¼ ì„­ì„­. í–‰ì‚¬ë„ ì ì—‡ìŒ ã…¡.ã…¡ ì „í†µ í˜¼ë¡€ë¥¼ êµ¬ê²½ í–ˆëŠ”ë° ã…Žã…Ž ìž¼ìž‡ë„¤ìš”.
ì›ëž˜ëŠ” ì»¤í”Œì´ë‚˜ ë¶€ë¶€ê°€ ì „í†µ ê²°í˜¼ì‹ì„ ì‹ ì²­í•˜ëŠ”ë° ì´ ë‚ ì—ëŠ” ""ì„ ë‚¨ì„ ë…€""ê°€ ìž„ì‹œ ëª¨ì€ ê±°ë¼ ì„œë¡œ ëª¨ë¥¸ë‹µë‹ˆë‹¤. ã…Žã…Ž ì²¨ì—ëŠ” ìš°ìŠ¤ì› ëŠ”ë° ìƒê°í•´ë³´ë‹ˆ ì „í†µí˜¼ë¡€í•˜ë˜ ê·¸ ë‹¹ì‹œëŠ” ì›ëž˜ ëª¨ë¥´ëŠ” ì‚¬ì´ê°€ ê²°í˜¼í•˜ëŠ” ê²Œ ë‹¹ì—°í–ˆì§€ìš”.
ë¯¼ì†ì´Œ ìž…êµ¬ì—ì„œ ë•Œê°€ ë˜ë©´ í•œë³µ ì¶¤ë„ ìžˆë˜ë° (ëŒ„ìŠ¤? í–‰ì‚¬? ì´ë¦„ ê¹Œë“œì‹¬) ì‹ ë‚˜ê³  ì¢‹ê¸´í–ˆìŒ.
í˜¸ë°•ì´ ì¢‹ì•˜ìŒ ã…Žã…Ž ê·¸ë„¤ë„ íƒ€ê³ "
239,3.0,2020.08.29.,"8/26ì¼ 2:00~2:30 ì‚¬ì´ì— ìž…ìž¥í•˜ì˜€ìŠµë‹ˆë‹¤. 
ì£¼ì°¨ìž¥ì´ ë„“ìŠµë‹ˆë‹¤. 
2ì‹œ ì´í›„ì—¬ì„œ ì¸ë‹¹ 15000ì›ìœ¼ë¡œ ìž…ìž¥í•˜ì˜€ìŠµë‹ˆë‹¤.
ë“¤ì–´ê°€ë‹ˆ ì—†ìŠµë‹ˆë‹¤.
1. ê´€ê´‘ê°ì´ ì—†ìŠµë‹ˆë‹¤.
ë‹¤ë¥¸ ì‚¬ëžŒì´ ì—†ì–´ì„œ ì¢‹ìŠµë‹ˆë‹¤.
2. ì§ì›ì´ ì—†ìŠµë‹ˆë‹¤.
ë³´ì´ëŠ” ì§ì›ì€ ì²­ì†Œí•˜ì‹œëŠ” ë¶„ë“¤ìž…ë‹ˆë‹¤.
3. í•  ê²ƒì´ ì—†ìŠµë‹ˆë‹¤.
ì²´í—˜, ì‹ë‹¹, ë†€ì´ê¸°êµ¬ ê¿ˆê¾¸ì§€ ë§ˆì„¸ìš”. ê·¸ ë¶„ë“¤ë„ ì—†ìŠµë‹ˆë‹¤.
ë¨¹ì„ ê²ƒ íŒŒëŠ” ê³³ì€ ì¹´íŽ˜ì™€ íŽ¸ì˜ì ìž…ë‹ˆë‹¤.
í•œ ë°”í€´ë¥¼ ëŒì•„ë³´ê³  ë‚˜ì„œ í•  ê²ƒì´ ì—†ìŠµë‹ˆë‹¤.

í•œ ê²ƒê³¼ í•  ê²ƒì´ ì—†ë‹¤ê³  í™˜ë¶ˆ í•´ì£¼ì§€ëŠ” ì•ŠìŠµë‹ˆë‹¤.

ë‹¤ìŒì— ê°ˆ ê²ƒ ê°™ì§€ëŠ” ì•ŠìŠµë‹ˆë‹¤."
240,3.5,2020.06.28.,ë†€ì´ê³µì› ì•Œë°”ë“¤ì´ ë¶ˆì¹œì ˆí•¨
241,3.0,2020.05.29.,"ë§¤í‘œì†Œì—ì„œë¶€í„° ê¸°ë¶„ìž¡ì¹¨
ë³„ 0ê°œ ëª»ì£¼ë‚˜?? X..."
242,3.6,2020.04.30.,ë§‰ê±¸ë¦¬ ë¬¼íƒ„ë§›
243,3.8,2020.03.05.,"ì‹ë‹¹ë“¤ì´ ë„ˆë¬´ í˜•íŽ¸ì—†ìŒ
ì˜›ë‚ ì—ëŠ” ë¹ˆëŒ€ë–¡ì´ë‚˜ êµ­ë°¥ì´ ë§›ìžˆì—ˆëŠ”ë° ìš”ì¦˜ì€ ë³„ë¡œìž„
ë§‰ê±¸ë¦¬ë„ ë§›ì€ì—†ìœ¼ë©´ì„œ ìž‘ì€ ì‚¬ì´ì¦ˆë¥¼ ì•ˆíŒ”ì•„ í•œë‘ì§„ë¨¹ê³ 
ë²„ë¦¬ê²Œë¨. ì°¨ë¼ë¦¬ ì™„ì œí’ˆë§‰ê°ˆë¦¬íŒŒëŠ”ê²Œ ë°±ë°°ë‚˜ìŒ
ë–¢ë³¶ì´ë„ ì•ˆíŒ”ë ¤ í•œì´í‹€ ë¶ˆì–´í„°ì§„ê²ƒ ì£¼ëŠ”ê²ƒê°™ìŒ
í…Œë§ˆíŒŒí¬ëŠ” ë¯¼ì†ì´Œê³¼ ê´€ë ¨ì ì€ ê°œê·¸ì‡¼ë¥¼ í•˜ëŠ”ë° ëˆˆê¸¸ì„ ëŒë ¤ê³  ê³¼ê²©í•œ ì„±í–¥ì´ìžˆìŒ
ì‚¬ëžŒì´ ë§ì´ë˜ì–´ ì›€ì§ì´ëŠ” ìœ³ë†€ì´ê°œê·¸ë‚˜ ë„ë›°ê¸°ë“± ë¯¼ì†ë†€ì´ë¥¼ ê°œë°œí•´ì•¼ ë ê²ƒìž„"
244,2.4,2020.01.29.,"ì°¸ ì¢‹ì€ë°, ë°•ì •í¬ ì¼ê°€ê°€ ì°©ì·¨í•œ ê±°ë¼í•´ì„œ ê°€ê¸° ì‹«ìŒ"
245,3.4,2020.01.27.,
246,3.4,2020.01.23.,ì• ë§ˆížˆê²Œ ë§Œë“  ë†€ì´ê³µì›ì‹œì„¤(ìƒì—…ì ì¸ëŠë‚Œ). ì›€ì‹ì€ë¨¹ì§€ì•Šì•˜ìœ¼ë‚˜ í……í……ë¹„ì–´ìžˆìŒ. ë„ˆë¬´ê¸°ëŒ€í•˜ê³ ì˜¤ë©´ ì‹¤ë§í• ê²ƒ. ì°¨ê°€ì—†ìœ¼ë©´ ì ‘ê·¼ì„±ì´ ë³„ë¡œ
247,5.0,2019.12.23.,
248,2.4,2019.12.20.,"ìŒì‹ë§Œ ë¬¸ì œ ìžˆì–´ìš”. ê·¸ê²ƒë„ ì•„ì£¼ ë§Žì´.
ë¹„ì‹¸ê¸°ë§Œ í•˜ê³  ëª» ë¨¹ì„ ìŒì‹ ë¨¹ì—ˆì–´ìš”.
ì‹ë‹¹ë“¤ ê°œì„ ì´ ì•„ì£¼ ë§Žì´ í•„ìš”í•¨."
249,3.2,2019.11.03.,"ë„“ê³  êµ¬ê²½ê±°ë¦¬ ë§Žì•„ ê°€ì¡±ë‹¨ìœ„ë¡œ ë‹¤ë‹ˆë©´ ì¢‹ì•„ìš”
ìœ ì•„ìˆ˜ì¤€ì˜ ì–´íŠ¸ë ‰ì…˜ë„ ìžˆê³ ..
íŠ¹ížˆ ê°€ì„ë°°ê²½ì´ ì°¸ ì˜ˆë»ìš”
ë‹¤ë§Œ ì‹ë‹¹ë“¤ì€ ì¢€ ê°œì„ ì´ í•„ìš”í•´ ë³´ì´ë„¤ìš”
ê°€ì„±ë¹„ ë„ˆë¬´ ë–¨ì–´ì§‘ë‹ˆë‹¤"
250,1.6,2019.10.27.,"ê³µì—°ì€ ë§˜ì— ë“¤ì—ˆëŠ”ë° ìŒì‹ì€ â—‹â—‹â—‹â—‹ ìž…ë‹ˆë‹¤
ë§‰ê±¸ë¦¬ëŠ” ë¬¼ì„ ì´ë ‡ê²Œ ë§Žì´íƒˆìˆ˜ê°€...
ë§Žì€ ê´€ê´‘ì§€ ë‹¤ë…€ë´¤ì§€ë§Œ ìš”ì¦˜ë„ ì´ëŸ° ì“°ë ˆê¸° ìŒì‹ì´ ë‚˜ì˜¤ëŠ”ê³³ì´ ìžˆêµ¬ë‚˜ ê¹œì§ ë†€ëžìŠµë‹ˆë‹¤"
251,3.3,2019.10.09.,ìš©ì¸ì‹œë¯¼ìœ¼ë¡œì„œ ë†€ê¸° ì¢‹ì€ ê³³.
252,4.5,2019.07.30.,20.0
253,3.4,2019.06.17.,
254,2.0,2019.05.18.,"ì´ìš©í•˜ê¸°ê°€ ë„ˆë¬´ íž˜ë“¬.. ë¬´ë£Œ ì…”í‹€ì€ ìš´ì˜í•˜ì§€ë§Œ ì‹œê°„ëŒ€ë„ ì• ë§¤í•˜ê³  ì§€í•˜ì² ë„ ì• ë§¤í•˜ê³  
ì°¨ë¥¼ê°€ì ¸ê°€ìžë‹ˆ ì°¨ë„ê°€ ë„ˆë¬´ ì¢ê¸°ë„ í•˜ê³  ì´ìš©ê°ì´ ë§Žì•„ì„œ 
ì°¨ê°€ ë„ˆë¬´ ë§‰í˜€ìš”. 
ê±°ì˜ ë‹¤ ë„ì°©í•´ì„œ ì°¨ì— ìžˆëŠ” ì‹œê°„ë§Œ  2~3ì‹œê°„ì€ ê±¸ë¦¬ëŠ” ë“¯"
255,3.4,2019.03.01.,ì€ê·¼ ë†€ì´ê³µì›ë„ ìžˆê³  ë³¼ê²Œ ë§ŽìŒ
256,5.0,2019.01.08.,
257,2.5,2018.11.12.,ì˜ˆìƒì€ í–ˆì§€ë§Œ ì‹ë‹¹ ì™„ì „ í›„ì§. ë¹„ì‹¸ê³  ë§›ë„ ì—†ê³ . ì™¸êµ­ì¸ë“¤ë„ ì˜¤ë˜ë° í•œì‹ì´ ì´ë ‡ê²Œ ë¹„ì‹¸ê³  ë§›ì—†ì–´ì„œ êµ­ê²© ë–¨ì–´ì§ˆ ê±° ê°™ìŒ. ìž…ìž¥ë£Œë„ ì—„ì²­ ë‚˜ê²Œ ì˜¤ë¥´ê³  ì§„ì§œ ë³„ë¡œìž„.
258,3.8,2018.10.25.,"ìž…ìž¥ë£Œë©° ë‚´ë¶€ ë¬¼ê°€ê°€ ì¢€ ë¹„ì‹¼íŽ¸ì´ì§€ë§Œ
ë§¤ì¼ê°€ëŠ” ê³³ë„ ì•„ë‹ˆê³  ë³¼ê±°ë¦¬ë„ ìžˆì–´ ë§Œì¡±í•©ë‹ˆë‹¤"
259,2.3,2018.09.10.,í‰ì¼ì—ëŠ” ìºë¦­í„°ê°€ ë¯¼ì†ì´Œ í™ˆíŽ˜ì´ì§€ì— ê³µì§€ëœê²ƒë³´ë‹¤ í›¨ì”¬ ì ê³  íŠ¹ížˆë‚˜ ì›”ìš”ì¼ì— ê°”ë”ë‹ˆ ì›”í™”ëŠ” ë” ì‰¬ëŠ” ìºë¦­í„°ê°€ ë§Žë‹¤ë©´ì„œ ë“¤ì–´ê°€ì„œ í•œê±°ë¼ê³¤ ê³µì—°ë³´ëŠ” ê²ƒ ë¿ì´ì—ˆë„¤ìš”. ê¸°ê» ë©€ë¦¬ì„œ ì—¬ê¸°ê¹Œì§€ ì™”ëŠ”ë° íœ‘í•˜ê¸° ì§ì´ ì—†ì—ˆì–´ìš”. ì´ë ‡ê²Œê¹Œì§€ í‰ì¼ì— ìºë¦­í„° ìˆ˜ê°€ ì ì„ê±°ë©´ ìž…ìž¥ê¶Œ ê°€ê²© í• ì¸ì´ë¼ë„ í•´ì£¼ë©´ ì¢‹ì„í…ë° ë„ˆë¬´ ë¹„ì‹¸ê¸°ë§Œ í•˜ë„¤ìš”.
260,3.5,2018.09.02.,The place is so expensive
261,5.0,2018.09.01.,ìºë¦­í„°ë“¤ë„ ì¹œì ˆí•˜ê³  ì°©í•˜ë‹ˆê¹Œ ì§± ì¢‹ì•„ìš”~!
262,3.8,2018.08.19.,
263,3.2,2018.05.06.,"ì—­ì‹œ~ê°€ì„±ë¹„ ìµœê³ ~
ì €ëŠ” ë§¥ì£¼ê°€ ê°€ìž¥ ì¢‹ì•˜ì–´ìš”~2ì²œì›~^^ëŒ€ë°•ëŒ€ë°•!
í ì€ í•œê°€ì§€ ì£¼ë§‰ ê°™ì€ê³³ ê±°ê¸´ ë¹„ì¶” ê°€ê²©ëŒ€ë¹„ ë„ˆë¬´ í—ˆì ‘í•´ìš”
ì¡°ê¸ˆë” ì‹ ê²½ì¨ ì£¼ì‹¬ ì¢‹ê² ë”ë¼êµ¬ìš”~"
264,5.0,2018.05.04.,
265,3.1,2018.01.14.,ì¡°ìƒë“¤ì˜ ì‚¶.
266,3.0,2018.01.06.,
267,4.4,2017.10.15.,ê°€ì¡±ê³¼ í•¨ê»˜ ë§Œë“œëŠ” ì¶”ì–µ
268,4.0,2017.05.22.,"ë°¥ë„ ë¨¹ì„ë§Œí•˜ê³ ( +ë§‰ê±¸ë¦¬orë™ë™ì£¼ ã…‹)
ë¯¼ì†ì´Œì´ ì´ë ‡ê²Œ ìž¬ë°Œì—ˆë‚˜? ë³¼ê±°ë¦¬ë„ ì¦ê¸¸ê±°ë¦¬ë„ ë‹¤ì–‘í•˜ë‹¤"
269,3.3,2016.09.11.,í•œêµ­ë¯¼ì†ì´Œ
270,3.6,2016.01.28.,ê·€ë¯¸í…Œ ë¶™ì´ê³  ê°€ì•¼í•¨. êµ­ë¯¼í•™êµë•Œ ê³ ì†ë²„ìŠ¤ì—ì„œ ê°œë©€ë¯¸í–ˆë˜ ê¸°ì–µì´ ìƒ¹.
