,í‰ì ,ë‚ ì§œ,í›„ê¸°
0,4.2,2024.04.22.,"Beautiful. There are a lot of stairs but the view is nice. The paid path was 5,000 won and you see interesting rock formations and the crater.

We were looking for the Haenyeo but it was unclear where to go. As of April 2024 they go out at 2 according to the sign but we missed it so can't confirm. If you want to see them though, go to the free path. This didn't appear to be marked anywhere until you were basically by their work house. Look for the sign in my pictures."
1,4.2,2024.04.14.,"ì˜¬ë¼ê°€ë©´ ì „ë§ ì¢‹ê³ , íŠ¹ì´í•œ ê³³ì´ë¼ ì ì–´ë„ í•œ ë²ˆì€ ê°ˆ ê°€ì¹˜ê°€ ìžˆìŒ. ìž…ìž¥ë£Œê°€ ë¹„ìŒˆ."
2,5.0,2024.04.09.,
3,4.3,2024.04.08.,ë·°ê°€ ìž¥ë‚œì•„ë‹™ë‹ˆë‹¤ðŸ‘
4,4.4,2024.03.26.,ë·°ê°€ ì°¸ ì¢‹ë„¤ìš”.. ë°”ëžŒì´ ì—„ì²­ ìŒ¥ë‹ˆë‹¤~
5,3.2,2024.03.18.,ìž¥ì‚¬í•˜ëŠ” ì‚¬ëžŒë“¤ì´ ë„ˆë¬´ ë§Žë‹¤.
6,4.9,2024.03.14.,24ë…„ 3ì›” 3ì¼ ì¼ìš”ì¼ ì˜¤í›„ì— ê°”ì–´ìš” ì˜¬ë¼ê°ˆë• ì¢€ íž˜ë“¤ì—ˆì§€ë§Œ ë§‰ìƒ ì˜¬ë¼ì˜¤ë‹ˆ ê·¸ë ‡ê²Œ ì¢‹ì„ ìˆ˜ê°€ ì—†ì—ˆë„¤ìš” ë·°ë„ ì¢‹êµ¬ìš” ì¢€ ì‹ ê¸°í•˜ê¸°ë„ í–ˆê³  ì„¸ê³„ë¬¸í™”ìœ ì‚°ìœ¼ë¡œ ì§€ì •ë˜ì—ˆê¸°ì— ë” ì›…ìž¥í•´ ë³´ì˜€ì–´ìš” ë‹´ì— ë‹¤ì‹œ ì™€ë³´ê³  ì‹¶ì–´ìš”~^^
7,4.9,2024.03.12.,"ë·°ë„ì¢‹ê³  ê³„ë‹¨ìœ¼ë¡œë˜ì–´ìžˆì–´ ìš´ë™ë„ ë˜ê³ ~
ìž…ìž¥ë£Œë§Œ ì–´ì°Œ 2ì²œì›ì— ì•ˆë˜ê² ë‹ˆ~~~"
8,3.0,2024.03.08.,í•œë²ˆì¯¤ì€ê°€ë´ì•¼ì§€!
9,4.5,2024.03.04.,4ë°•5ì¼ ì¼ì • ì¤‘ ë‘˜ì§¸ë‚ ì— ë°©ë¬¸í–ˆë˜ ì„±ì‚°ì¼ì¶œë´‰... ê·¸ëŸ¬ë‚˜ ì£µë‚˜ì£µë‚˜ ìŽˆ ì¹¼ë°”ëžŒê³¼ ì¶”ìœ„ì— ë‚´ê°€ ì§€ê¸ˆ 3ì›” ë´„ì— ì—ë² ë ˆìŠ¤íŠ¸ë¥¼ ì˜¤ë¥´ëŠ” ê±´ì§€ ì„±ì‚°ì¼ì¶œë´‰ì„ ì˜¤ë¥´ëŠ” ê±´ì§€ êµ¬ë¶„í•  ìˆ˜ ì—†ì—ˆìŒã…  ì§€ê¸ˆê¹Œì§€ë„ ì¢…ì•„ë¦¬ ë­‰ì¹œ ê²Œ í’€ë¦¬ì§€ ì•Šì•„ì„œ ê³„ë‹¨ì„ ì˜¤ë¥´ë‚´ë¦¬ì§€ ëª»í•˜ëŠ” ì¤‘.. ìš°ì§¤ê¼¬.. ë‚ ì”¨ ì¢‹ì€ ë‚ ì— ê°”ìœ¼ë©´ ë” ì¢‹ì•˜ì„í…ë° ì•„ì‰¬ìš´ ë§ˆìŒì´ í¼ 5ì²œì›ì£¼ê³  ê³ ìƒí•´ì„œ ì˜¬ë¼ê°„ ë³´ëžŒì€ ìžˆì—ˆìŒ ê·¸ë ‡ì§€ë§Œ ìž…êµ¬ ì–´ë¥´ì‹ ë“¤ì´ í•˜ì…¨ë˜ ë§ì”€ì²˜ëŸ¼ ìƒê°ë³´ë‹¤ ë†’ì´ê°€ ì¢€ ë˜ê¸° ë•Œë¬¸ì— ì›ƒì€ ì–¼êµ´ë¡œ íŒ¨ê¸°ë¡­ê²Œ ì˜¬ë¼ê°”ë‹¤ê°€ í—ˆì˜‡ê²Œ ì§ˆë¦° ì±„ë¡œ ë‚´ë ¤ì˜¤ëŠ” ìŠ¤ìŠ¤ë¡œë¥¼ ë°œê²¬í•  ìˆ˜ ìžˆì—ˆìŒ í½;
10,5.0,2024.02.17.,"ìƒì‚°ì¼ì¶œë´‰  ì •ìƒ
ì¼ì¶œëª…ì†Œ"
11,5.0,2024.02.16.,
12,4.1,2024.02.08.,
13,5.0,2024.02.01.,
14,4.4,2024.01.28.,ë„ˆë¬´ ë©‹ì§€ê³  í‰í™”ë¡œì›Œë³´ì—¬ìš”!
15,4.8,2024.01.25.,ì–¸ì œë‚˜ ì™€ë„ ë„ˆë¬´ ì¢‹ì€ ê³³.
16,4.1,2024.01.23.,
17,5.0,2024.01.21.,
18,4.2,2024.01.19.,"ìž…ìž¥ì‹œê°„ì œí•œì´ ìžˆì–´ ì •ìƒì—ì„œ ì¼ì¶œì„ ë³´ê¸°ëŠ” ì–´ë µì§€ë§Œ ë– ìžˆëŠ” í•´ë„ ë©‹ìžˆìŠµë‹ˆë‹¤.
ì¼ì¶œë´‰ì€ ë©€ë¦¬ì„œ ë´ë„ ì •ë§ ë©‹ìžˆë„¤ìš”."
19,4.0,2024.01.13.,
20,4.2,2024.01.11.,ë„˜ ë©‹ì§„ê³³ìž„. ìƒê°ë³´ë‹¤ ì˜¬ë¼ê°€ëŠ”ê²Œ íž˜ë“¤ì§€ ì•Šì•˜ë‹¤. ëŒ€ì‹  ì˜¬ë¼ê°€ëŠ” ê³„ë‹¨ì´ ê°€íŒŒë¥´ê³  ë°”ëžŒì´ ë§Žì´ ë¶ˆì–´ ìœ„í—˜í•´ì„œ ìž˜ ë³´ê³  ì˜¬ë¼ê°€ì•¼ í–ˆë‹¤. ìœ ë£Œêµ¬ê°„ ê¼­ ê°€ë³´ì„¸ìš”~
21,3.3,2024.01.11.,ì¼ëª°ë„ ì˜ˆë»ìš”. ë¹ ë¥´ë©´ 20ë¶„ ë§Œì— ì™”ë‹¤ê°”ë‹¤ ê°€ëŠ¥â€¦
22,4.8,2024.01.01.,"ì¼ì¶œëª…ì†Œ ì‚°ì±…ë¡œ í¬í† ì¡´ 
ê´€ê´‘ëª…ì†Œë¡œ ìœ ëª…í•´ì„œ í•­ìƒ ì‚¬ëžŒë“¤ì´ ë§Žì§€ë§Œ..
ì œì£¼ë„ê°€ë©´ ê¼­ ê°€ê²Œë˜ëŠ” ê³³ì´ì˜ˆìš”."
23,5.0,2023.12.31.,ì¼ì¶œëª…ì†Œ  ì¢‹ì•„ìš©
24,4.2,2023.12.26.,"ì‹ í˜¼ ë•Œ í•´ë…€ê°€ ê°“ ìž¡ì€ ë©ê²Œì˜ ë§›ì„ ìžŠì„ ìˆ˜ ì—†ì—ˆë˜ ì¶”ì–µì˜ ìž¥ì†Œ. ë·°ê°€ ì •ë§ ë©‹ì ¸ìš”.
ë¨¼ ê³³ì— ë•…ì½©ìœ¼ë¡œ ìœ ëª…í•œ ìš°ë„ë¥¼ ì²˜ìŒë³´ê³  ëŒì•„ ì™”ìŒ."
25,5.0,2023.12.22.,
26,5.0,2023.12.19.,ì„±ì‚°ì¼ì¶œë´‰ ì¼ì¶œë³´ë©´ ë©‹ìžˆì–´ìš”
27,3.1,2023.12.18.,ì œì£¼  ì„±ì‚°ì¼ì¶œë´‰ ê·¼ì²˜
28,5.0,2023.12.16.,ì„±ì‚°ì¼ì¶œë´‰ ì²˜ìŒ ê°€ë´¤ëŠ”ë° ì¼ëª°ë„ ì˜ˆë»ìš” ã…Žã…Ž â›°ï¸
29,4.3,2023.12.16.,ì£¼ì°¨ìž¥ ì˜¤ë¥¸ìª½ ëìª½ ë°”ë‹¤ë·°ë„ ê¼­ ë³´ê³  ê°€ì…¨ìœ¼ë©´ ì¢‹ê² ì–´ìš”!
30,4.6,2023.12.05.,ë¨¼ì§„ ë·°ì™€ ê°•í•œ ë°”ëžŒì„ ëŠë‚„ ìˆ˜ ìžˆëŠ” ê³³
31,3.4,2023.12.04.,
32,3.8,2023.11.30.,
33,5.0,2023.11.27.,"ì•„ë¦„ë‹¤ìš´ ì‚°~
í™˜ìƒì ì¸ ê²½ì¹˜!! ðŸ‘"
34,5.0,2023.11.26.,
35,2.4,2023.11.12.,êµ¿ã…‡ã…‡ã…‡ã…‡
36,4.6,2023.11.04.,"ì¼ì¶œë³´ê¸° ì¢‹ì•„ìš”
ë‹¤ë¦¬ì— ì•Œí†µ ì•„íŒŒìš”"
37,3.7,2023.10.29.,ëª…ë¶ˆí—ˆì „
38,4.9,2023.10.22.,ë„ˆë¬´ ì˜ˆë»ìš” ì˜¬ë¼ê°€ëŠ”ê±´ íž˜ë“¤ì§€ë§Œ ì˜¬ë¼ê°€ë©´ ë¿Œë“¯í•˜ë‹µë‹ˆë‹¹~
39,3.3,2023.10.19.,
40,4.1,2023.10.17.,"ì˜¬ë¼ê°€ëŠ”ê¸¸ì´ ê°€íŒ”ë¼ íž˜ë“¤ì§€ë§Œ ë§¤í‘œì†Œì—ì„œë¶€í„° ì˜¬ë¼ê°€ëŠ” ë‚´ë‚´, ì •ìƒì— ì˜¬ë¼ê°€ì„œë„, ë‚´ë ¤ê°€ëŠ” ê¸¸ì—ë„ ê²½ì¹˜ê°€ ë„ˆë¬´ë„ˆë¬´ ì•„ë¦„ë‹µë‹¤. ìœ ì‚°ì†Œ ìš´ë™ë„ ë¤ìœ¼ë¡œ í•  ìˆ˜ ìžˆì–´ì„œ ë§¤ìš° ë¿Œë“¯í•¨!"
41,5.0,2023.10.11.,ì •ìƒì°ê³  ë‚´ë ¤ì˜¤ëŠ”ë°ê¹Œì§€ 30ë¶„!
42,2.9,2023.10.10.,"ê²½ì¹˜ê°€ ì£½ì—¬ì¤ë‹ˆë‹¤. 
ìž…ìž¥ë£Œë„ ê²½ì¹˜ì— ë¹„í•´ì„œ ì‹¼íŽ¸ì´ê³ "
43,3.6,2023.10.06.,ì •ìƒì—ì„œ ë³´ì´ëŠ” ë°”ë‹·ê°€ëž‘ ë§ˆì„ í’ê²½ì´ ì•„ë¦„ë‹µìŠµë‹ˆë‹¤
44,3.7,2023.10.04.,
45,4.4,2023.10.01.,To see indeed.
46,5.0,2023.10.01.,ì‚°ì±…ë¡œ í¬í† ì¡´ ì¼ì¶œëª…ì†Œ
47,4.2,2023.09.25.,ì„±ì‚°ì¼ì¶œë´‰â™¡
48,5.0,2023.09.24.,"nice view, ocean view from top is really amazing"
49,4.5,2023.09.15.,
50,4.2,2023.09.05.,
51,3.9,2023.09.01.,ì—¬í–‰ê°”ëŠ”ë° ìž¬ë°Œì—ˆë‹¤. ë·°ê°€ì´ì˜ë‹¤.
52,5.0,2023.08.29.,Excellent abalone meals down the street from parking lot
53,5.0,2023.08.26.,
54,4.4,2023.08.25.,ì—¬ë¦„ì— ì˜¤ë¥´ê¸°ì—” ì¡°ê¸ˆ ë”ì› ì§€ë§Œ ì •ìƒ ë„ì°© í›„ ë‚´ë ¤ë‹¤ ë³´ëŠ”ì œì£¼ëŠ” í•­ìƒ ê¸°ë¶„ì´ ì¢‹ìŠµë‹ˆë‹¤.
55,4.4,2023.08.22.,
56,4.5,2023.08.19.,bbbbbbbbbbbbb
57,3.7,2023.08.17.,
58,4.7,2023.08.16.,
59,4.2,2023.08.10.,ëª‡ë²ˆì„ ê°€ë„ ì •ë§ ì¢‹ì€ í’ê²½
60,3.7,2023.08.09.,
61,4.7,2023.07.31.,https://blog.naver.com/asem3840/223168342124
62,4.4,2023.07.29.,ë§ì´ í•„ìš”ì—†ëŠ” ì„±ì‚° ìµœê³ ì˜ ìž¥ì†Œ!
63,4.9,2023.07.28.,ì œì£¼ë„ ì™€ì„œ ì„±ì‚°ì¼ì¶œë´‰ì„ ì•ˆê°€ë©´ ë²”ì£„ìž…ë‹ˆë‹¤.
64,4.6,2023.07.26.,ì¼ì¶œì„ ë³´ëŸ¬ ë‹¤ë…€ì™”ì–´ìš”!!
65,3.0,2023.07.24.,
66,3.6,2023.07.22.,
67,4.8,2023.07.21.,
68,4.1,2023.07.15.,ë„ˆ~~ë¬´ ë©‹ì§„ê³³ìž…ë‹ˆë‹¤.
69,3.4,2023.07.09.,
70,4.5,2023.06.25.,
71,4.7,2023.06.10.,Maybe the modt beautiful direct access sight on Jeju-do :*
72,4.1,2023.06.09.,ë‚ ì´ ì¢‹ì§€ì•Šì•„ ì˜¬ë¼ê°€ì§„ ì•Šì•˜ì§€ë§Œ ì•„ëž˜ì„œ ë´ë„ ë©‹ì§€ë‹¤
73,4.5,2023.06.09.,
74,3.5,2023.06.05.,
75,5.0,2023.06.05.,ë©‹ì§„ê³³!!  ë§ì´ í•„ìš” ì—†ëŠ” ìž¥ì†Œì£  ã…Žã…Ž
76,3.9,2023.06.01.,
77,4.6,2023.05.26.,"ë·°ê°€ ë©‹ìžˆëŠ” ê³³
íŠ¹ížˆ ì¼ì¶œ ë§›ì§‘ ë‹‰ê°’í•¨"
78,4.7,2023.05.23.,"ì§„ì§œ ë·°ê°€...ã„·ã„·
ë„ˆë¬´ ë©‹ìžˆì–´ìš”."
79,4.0,2023.05.19.,
80,4.6,2023.05.18.,
81,3.5,2023.05.17.,ì¼ì¶œëª…ì†Œ
82,4.0,2023.05.16.,"ìž¥ì : ì œì£¼ì—¬í–‰ ì¤‘ì— ê°€ìž¥ ì¶”ì²œí•´ì£¼ê³  ì‹¶ì€ ìž¥ì†Œ. 5000ì›ì˜ ìž…ìž¥ë£Œê°€ í•˜ë‚˜ë„ ì•„ê¹ì§€ ì•Šì•˜ê³  ìž„ì‚°ë¶€ë„ ê°ˆ ìˆ˜ ìžˆì„ì •ë„ë¡œ ê°€ëŠ”ê¸¸ë„ ì •ê°ˆí•˜ê²Œ ìž˜ ë˜ì–´ìžˆì—ˆì–´ìš”. ì¼ë‹¨ ì„±ì‚°ì¼ì¶œë´‰ì—ì„œ ë‚´ë ¤ë³´ëŠ” ê²½ê´€ì€ ë„ˆë¬´ ì•„ë¦„ë‹¤ì›€
ë‹¨ì : X"
83,3.6,2023.05.14.,ë§í•  ê²ƒë„ ì—†ì´ ìœ ëª…í•˜ê³  ì¢‹ì€ ê³³
84,4.6,2023.05.11.,
85,4.5,2023.05.10.,
86,4.4,2023.05.08.,
87,4.5,2023.05.04.,
88,5.0,2023.05.03.,
89,4.3,2023.05.03.,"ì„±ì‚°ì¼ì¶œë´‰ ìžì²´ë¡œ ì¶©ë¶„í•œ ê³³ìž…ë‹ˆë‹¤
ë¬´ë£Œìž…ìž¥ê¸¸ ìœ ë£Œìž…ìž¥ê¸¸ì´ ìžˆì–´ìš”
ì‚°ì •ìƒê¹Œì§€ ê°€ê³ ì‹¶ìœ¼ë©´ ìœ ë£Œìž…ìž¥ê¸¸ ê°€ì‹¬ë©ë‹ˆë‹¤"
90,4.4,2023.04.11.,
91,2.2,2023.04.03.,ì œì£¼ì—¬í–‰ì¤‘ ê²½ì¹˜ëŠ” ìµœê³ ! ì¼ì¶œëª…ì†Œ
92,4.8,2023.03.08.,"ì„±ì‚°ì¼ì¶œë´‰ 
ì •ìƒì— ì˜¤ë¥´ì‹œë©´ 
ì‚¬ë°©íŒ”ë°© ë·°ê°€ ì¢‹ì•„ìš” ðŸ¤™"
93,3.3,2023.03.08.,ë¬´ë£Œì½”ìŠ¤ë„ ê´œì°®ì•„ìš” :)
94,4.6,2023.02.28.,ì •ë§ ë©‹ì§.
95,3.2,2023.02.23.,"7:30ì „ ë¬´ë£Œìž…ìž¥ ê°€ëŠ¥ì´ë¼
ì„±ì‚°ì— ì˜¬ë•Œë§ˆë‹¤ ì¼ì¶œë³´ëŸ¬ ì™“ì—‡ëŠ”ë°,
ê²¨ìš¸ì—” ì²¨ì´ë¼ ëŠ¦ê²Œ ì˜¤ë‹¤ë³´ë‹ˆ 7ì‹œë„˜ì–´ ì£¼ì°¨í•˜ê³  ë“¤ì–´ê°ˆë ¤ë‹ˆ ê²€í‘œí•˜ëŠ” ì•„ì €ì”¨ê°€ ëª»ì˜¬ë¼ê°€ê²Œ ë§‰ë„¤ìš”.
ë§¤í‘œë„ ì•„ì§ ì•ˆí•˜ëŠ”ë° ë‚´ë ¤ê°€ì„œ ê¸°ë‹¤ë ·ë‹¤ ë§¤í‘œí•˜ê³  ì˜¬ë¼ì˜¤ëžë‹ˆë‹¤.
ì € ìœ„ì— ì‚¬ëžŒë“¤ì€ ë­ëƒê³  í•˜ë‹ˆ, ì €ì‚¬ëžŒë“¤ì´ ë¶ˆë²•ì´ê³ , ê·¸ë• ìžê¸°ê°€ ì—†ì—‡ë‹¤ë„¤ìš”.
ë²¼ìŠ¬ì´ ë”°ë¡œ ì—†ë„¤ìš”.
ì¼ì¶œë´‰ì— ì¼ì¶œ ë³´ëŸ¬ ì˜¬ë¼ê°€ëŠ”ê²Œ ë¶ˆë²•ì´ë¼ë‹ˆìš”."
96,4.2,2023.02.21.,"ì„±ì‚°ì¼ì¶œë´‰
ì˜¤ë¥´ê¸°ëŠ” ì¡°ê¸ˆ íž˜ë“¤ì–´ë„
ë·°ê°€ ì¢‹ì€ ê³³"
97,5.0,2023.02.01.,
98,2.9,2023.01.30.,
99,3.1,2023.01.06.,"ë°”ëžŒí•œì¤„ê¸° ì¡°ì°¨ë„ ìš´ì¹˜ìžˆë˜ ì œì£¼ë„ê°€ ìˆ˜ì‹­ë…„ê°„ ê°œë°œë¡œ ì¸í•´ ë§Žì´ ì•„ì‰½ê¸´ í•˜ì§€ë§Œ, ì—¬ì „ížˆ ì¼ì¶œ ìµœê³ ì˜ ëª…ì†Œì¤‘ í•œê³³ìž…ë‹ˆë‹¤. í•œë¼ì‚°, ë°”ë‹¤, ìœ ì±„ê½ƒ, ì†Ÿì•„ì˜¤ë¥´ëŠ” íƒœì–‘.. ì‚¬ë°© ê²½ì¹˜ì˜ ê¶í•©ì´ ì•„ì£¼ ì¢‹ì•„ìš”. íŠ¹ížˆ, ì§€ê¸ˆì´ ì¼ì¶œë´‰ ë°©ë¬¸ ìµœì ì˜ ì‹œê¸°ìž…ë‹ˆë‹¤. ì½”ë¡œë‚˜ ì´ì „ì—” ìˆ˜í•™ì—¬í–‰+ê´€ê´‘ê°ìœ¼ë¡œ ë¯¸ì–´í„°ì¡ŒìŒ. íŠ¹ížˆ ë„ìžê¸°ë‚˜ë¼ ê´€ê´‘ê°ë“¤ ì˜¤ë©´ íŠ¹ìœ ì˜ ê³ ì£¼íŒŒìŒìœ¼ë¡œ ê·€ê°€ ì©ì–´ë‚´ë¦¼. ì•„ë¦„ë‹¤ìš´ ìžì—°ê²½ê´€ì— ì†ŒìŒì“°ë ˆê¸° ë²„ë¦¬ê³  ê°€ëŠ” ì¡±ì†ë“¤..  ì¹ ê¸°ë‚˜ë¼ ì• ë“¤ì€ ê¸°ë³¸ë©”ë„ˆë¼ë„ ìžˆì§€ìš”..  ë…¸ëž€ ë´„ë‚ , ê´‘ì¹˜ê¸°í•´ë³€ ìœ ì±„ê½ƒê³¼ ì„±ì‚°ì¼ì¶œë´‰ì€ ì–¸ì œë‚˜ ì œì£¼ë¥¼ ëŒ€í‘œí•˜ëŠ” ë´„ì˜ í•œì»·!"
100,5.0,2023.01.04.,ì•„ë¦„ë‹¤ì›Œìš”..
101,4.5,2023.01.01.,"ìƒˆí•´ ì¼ì¶œ ì‚¬ì „ì˜ˆì•½ 500ëª… í•œì •, í˜„ìž¥ì ‘ìˆ˜ ë¶ˆê°€
ìƒˆí•´ ì¼ì¶œì„ ë³´ë ¤ê³  ì •ë§ ë§Žì€ ì‚¬ëžŒë“¤ì´ ì°¾ì•„ì™”ì§€ë§Œ ë¯¸ë¦¬ ì˜ˆì•½ ì•ˆí•˜ë©´ ìž…êµ¬ì»· ë‹¹í•˜ê³  ëŒì•„ê°”ìŠµë‹ˆë‹¤. êµí†µì§€ì˜¥ë§Œ ë§›ë³´ê³  ê°€ë„¤ìš”. ì„¸ê³„ì ì¸ ëª…ì†Œë¼ê³  í•´ì„œ ë©€ë¦¬ì„œ ë¹„ì‹¼ ìˆ™ì†Œ ìž¡ì•„ì„œ ì˜¤ëŠ” ì‚¬ëžŒë„ ë§Žì€ë° ë„ˆë¬´ í—ˆíƒˆí•©ë‹ˆë‹¤. ì˜ˆì•½í•œ ì‚¬ëžŒì´ ë‹¤ ì˜¨ë‹¤ëŠ” ë³´ìž¥ë„ ì—†ëŠ”ë° ìƒˆë²½ ì¼ì° ëˆˆë¹„ë¹„ê³  ì¼ì° ì˜¨ì‚¬ëžŒì— ëŒ€í•œ í˜œíƒë„ ìžˆì–´ì•¼ ë˜ëŠ”ê±° ì•„ë‹Œê°€ìš”? ""ë‹ˆê°€ ëª°ë¼ì„œ ëª»ê°„ê±°ì§€ ì•„ëŠ” ì‚¬ëžŒì€ ë‹¤ ê°”ë‹¤?"" ì„±ì‚°ì¼ì¶œë´‰ì´ ì œì£¼ë„ë¯¼ì˜ ì „ìœ ë¬¼ì¸ê°€ìš”. 1ë…„ ê°€ê¹Œì´ ì œì£¼ë„ ì‚´ì•˜ì§€ë§Œ ì €ë„ ëª°ëžìŠµë‹ˆë‹¤. ê´€ê³„ë‹¹êµ­ì€ ìš´ì˜ë°©ì‹ì„ ê¼­ ìž¬ê³ í•´ì£¼ì‹œê¸° ë°”ëžë‹ˆë‹¤. ë§Žì€ ë°©ë¬¸ê°ë“¤ì´ ì—¬í–‰ì„ ë§ì¹˜ê³  ëŒì•„ê°”ì„ ê²ƒ ê°™ë„¤ìš”"
102,5.0,2022.12.05.,
103,4.3,2022.12.02.,
104,3.9,2022.11.28.,"ë©€ë¦¬ì„œë§Œ ë³´ë˜ ì„±ì‚°ì¼ì¶œë´‰ ê°€ê¹Œì´ì„œ ë³´ë‹ˆ ì‹ ê¸°í–ˆìŒ
ê°€ìš´ë°ì— ë¬¼ìžˆì—ˆìŒ
ì˜¬ë¼ê°ˆë• ì‚¬ëžŒ ë§Žê³  ë‚´ë ¤ì˜¬ë•ŒëŠ” í•œê°€í•¨"
105,4.9,2022.11.16.,ë‚´ë…„ì´ë§˜ë•Œ  êµ°ë³µë¬´ì¤‘ì¸ ì•„ë“¤ì´ëž‘  ê¼­ ê°€ì¹˜ì˜¤ê³ ì‹¶ë‹¤
106,4.5,2022.11.14.,
107,4.9,2022.11.09.,"https://youtu.be/X70LDrURufQ
okì°¨ë°• ì„±ì‚°ì¼ì¶œë´‰
ìœ íŠœë¸Œ ê²€ìƒ‰í•˜ì‹œë©´ ë™ì˜ìƒ ì˜¬ë ¸ìŠµë‹ˆë‹¤ 
ì„±ì‚°ì´ë³´ì´ëŠ” ë¬´ë£Œì°¨ë°•ì§€
ì„­ì§€ì½”ì§€ë’¤ ì‹ ì–‘ì„­ì§€í•´ìˆ˜ìš•ìž¥ ì—ì„œ500m"
108,4.7,2022.11.06.,ì–¸ì œ ì™€ë„ ì¢‹ì•„ìš”:-)
109,3.9,2022.10.12.,ë·° ì¢‹ë„¤ìš”
110,3.7,2022.10.08.,ì˜¬ë¼ê°ˆë•Œ ê°ì˜¤ì¢€ í•˜ì…”ì•¼ í•©ë‹ˆë‹¤. í•œë¼ì‚°ì´ ë¶€ë‹´ ìŠ¤ëŸ½ë‹¤ë©´ ìœ ë£Œì½”ìŠ¤ ì ê·¹ì¶”ì²œ ë“œë¦½ë‹ˆë‹¤.
111,5.0,2022.09.20.,ë¶€ëª¨ë‹˜ ëª¨ì‹œê³  ì˜¬ë¼ê°ˆìˆ˜ìžˆê³  ë°‘ì—ì„œ ë³´ëŠ”ê²ƒê³¼ ë‹¤ë¥´ê²Œ ìœ„ì—ì„œ ë³´ëŠ” ë·°ê°€ ì •ë§ ë‹¤ì‹œ ì˜¤ê³ ì‹¶ë„¤ìš”
112,3.2,2022.09.17.,
113,4.3,2022.09.13.,ì•„ë¦„ë‹¤ì›Œìš”
114,3.5,2022.09.12.,"ì¢‹ì•˜ìŒ
íž˜ë“¤ì§€ë§Œ
ì¼ì¶œë³´ëŸ¬ë‹¤ì‹œê°€ê³ ì‹¶ìŒ"
115,4.6,2022.09.11.,ì•„ê¸° ë·ê³  ë¬´ë£Œ ì½”ìŠ¤ë¡œ ê¼­ ê°€ì•¼í•´ì—¬...
116,4.9,2022.09.01.,
117,4.3,2022.08.24.,ìƒê°ë³´ë‹¤ ë” ì´ë»¤ì–´ìš” ã… ã… ã… 
118,5.0,2022.08.23.,
119,4.8,2022.08.22.,
120,4.0,2022.08.14.,
121,4.4,2022.08.06.,"ì˜¬ë¼ê°€ëŠ” ê¸¸ì´ ê°€íŒ”ë¼ì„œ íž˜ë“¤ ìˆ˜ë„ ìžˆì§€ë§Œ, ê¸ˆë°© ì˜¬ë¼ê°‘ë‹ˆë‹¤ 5,000ì› ê·¸ë‹¥ ì•„ê¹ì§€ ì•Šë‹¤ê³  ìƒê°í•´ìš”!"
122,4.3,2022.07.29.,"5ì²œì›ì˜ ê°€ì¹˜ê°€ ìžˆìŠµë‹ˆë‹¤ í•˜ì§€ë§Œ ë„ˆë¬´ ë¥ê³  íž˜ë“¤ì–´ìš”
ê°ì˜¤í•˜ì‹œê¸¸"
123,4.0,2022.07.26.,"ì •ë§ ì •ë§ ì •ë§ ì¢‹ì•˜ì–´ìš” !
ì˜¬ë¼ê°€ëŠ” ë™ì•ˆì—” ë„ˆë¬´ ë¥ê³  ê°€íŒŒë¥¸ ëŠë‚Œì´ ë“¤ì–´ì„œ ì¡°ê¸ˆ íž˜ë“¤ì—ˆëŠ”ë° ì˜¬ë¼ì˜¤ê¸¸ ìž˜í–ˆë‹¤ëŠ” ìƒê°ì´ ë“¤ ì •ë„ë¡œ ì¢‹ì•˜êµ¬ìš”!
ë‚ ì”¨ê°€ ë„ˆë¬´ ì¢‹ì•˜ì–´ì„œ ì•„ì£¼ì•„ì£¼ ë©€ë¦¬ìžˆëŠ” í’ë ¥ë°œì „ì†Œë„ ìž˜ë³´ì´ê³  í•˜ì‚°ê¸¸ì€ ë°”ëžŒë„ ë§Žì´ ë¶ˆì–´ì„œ ì‹œì›í•˜ë‹ˆ ë„ˆë¬´ ì¢‹ì•˜ìŠµë‹ˆë‹¤
ê·¸ëž˜ë„ ì˜¬ë¼ê°€ì‹¤ ë• ê¼­ ì–¼ìŒë¬¼ê³¼ ê·¸ëƒ¥ ìƒìˆ˜ë¥¼ ê°™ì´ ê°€ì ¸ê°€ì„¸ìš” !"
124,3.0,2022.07.19.,ì œì£¼ë„ì—ì„œ í•œë¼ì‚°ë‹´ìœ¼ë¡œ ì œì¼ê¸°ì–µì— ë‚¨ëŠ”ê³³
125,3.7,2022.07.15.,í•´ì™¸ë§Œí¼ ì œì£¼ë„ê°€ ì¢‹ë‹¤ëŠ” ì´ìœ ë¥¼ ì•Œë ¤ì¤€ ê³³
126,5.0,2022.07.08.,í•œêµ­ ë‚´ ê°€ìž¥ ì•„ë¦„ë‹¤ìš´ ê´€ê´‘ì§€ ì¤‘ í•˜ë‚˜
127,5.0,2022.06.27.,"ì¡°ê¸ˆ íž˜ì€ ë“¤ì§€ë§Œ
ì˜¬ë¼ê°€ì•¼ë§Œ ë³¼ ìˆ˜ ìžˆëŠ” í’ê²½."
128,4.1,2022.06.26.,20ë¶„ë§Œ íž˜ì¤˜ì„œ ê¾¸ì—­ê¾¸ì—­! ë„ˆë¬´ ìœ ëª…í•œ ê³³ì´ë‹ˆ ì„¤ëª…ì€ ìƒëžµ
129,4.3,2022.06.25.,
130,3.2,2022.06.18.,ì„±ì‚° ìµœê³ ì˜ ì „ë§ëŒ€ë¥¼
131,4.6,2022.06.18.,"ì œì£¼ ê°ˆ ë•Œë§ˆë‹¤ â€˜ì´ë²ˆì—” ì•ˆê°€ë„ ë˜ì§€â€™ í•˜ë‹¤ê°€ë„ ê¼­ í•œë²ˆ ì°¾ê²Œ ë˜ëŠ” ê³³. 
ì œì£¼ì˜ ìƒì§•."
132,3.7,2022.06.11.,ì œì£¼ ì˜¤ë¦„ ì¤‘ ìµœê³ !
133,4.3,2022.06.08.,
134,4.2,2022.06.01.,
135,4.3,2022.05.30.,
136,5.0,2022.05.19.,
137,4.0,2022.05.03.,ì¶©ë¶„ížˆê°ˆë§Œí–ˆë‹¤
138,4.0,2022.04.25.,ìœ„ì•„ëž˜ì‚¬ë°©íŒ”ë°©ì´ ë»¥ ëš¤ë¦° ì•¼ì™¸ì—ì„œ ë§ˆìŠ¤í¬ë¥¼ ì“°ê³  ê±¸ì–´ëŒ•ê¸°ëŠ”ê²Œ ë­” ì˜ë¯¸ê°€ ìžˆìŒ? ì•„ë‹ˆ ë§ˆì‹¤ê±° ë¨¹ê³  ëŒ•ê¸°ëŠ” ì‚¬ëžŒë“¤ì€ ë²—ê³  ë‹¤ë…€ë„ ë˜ê³  ìž…ë‹¤ë¬¼ê³  ì¡°ìš©ížˆ ê²½ì¹˜ë³´ëŠ” ì‚¬ëžŒë“¤ì€ ë§ˆìŠ¤í¬ ì¨ì•¼í•¨? ê´€ë¦¬ì‹¤ ìƒê° ì¢€ í•˜ê³  ì‚½ì‹œë‹¤. ì •ë§ í•„ìš”í• ë•Œ ì§€í‚¬ê±´ í•˜ë‚˜ë„ ì•ˆì§€í‚¤ë©´ì„œ ì´ëŸ°ê±´ ì •ë§ ìž˜ ì§€í‚´.
139,4.0,2022.04.25.,"ê³„ë‹¨ ê½¤ ë§Žì•„ìš”.
ê·¸ëŸ°ì¤„ë„ ëª¨ë¥´ê³  ì¹˜ë§ˆìž…ê³  ì˜¬ëžì§€ìš”...
ì¤‘ê°„ì— ë¬¼íŒŒëŠ”ê³³ í•œê³³ ìžˆì–´ìš”."
140,4.0,2022.04.15.,
141,4.4,2022.04.05.,í•´ì§ˆë•Œì¯¤ ê°€ë©´ í•œë¼ì‚°ì´ ë„ˆë¬´ ì˜ˆì˜ê²Œ ë³´ì—¬ìš”
142,3.8,2022.03.21.,ì œì£¼ ë™ìª½ì§€ì—­ì˜ ì„¤ëª…ì´ í•„ì—†ëŠ” ëŒ€í‘œì ì¸ ê´€ê´‘ì§€...ì˜¤ë¥´ëŠ”ê±´ ì¢€ ë§Žì€ ë…¸ë ¥ì´ í•„ìš”í•˜ì§€ë§Œ...ê²½ì‚¬ê°€!!!  í•˜ì§€ë§Œ ê¼­ ì˜¬ë¼ë³´ì‹œê¸¸~
143,3.9,2022.03.19.,"ì—°ëˆ ë°©ë¬¸ ëª»í•˜ì‹œëŠ” ë¶„ë“¤ì„ ìœ„í•œ ì•„ì‰¬ì›€ì„ ë‹¬ëž˜ê¸° ìœ„í•œ ìž¥ì†Œì¸ê²ƒ ê°™ì•„ìš”
ê²‰ì—ëŠ” ë°”ì‚­í•˜ê³  ì†ì—ëŠ” ì´‰ì´‰í•˜ê³  ì•½ê°„ ê³ ë¡œì¼€ ì‹ê°ì´ëž‘ ë¹„ìŠ·í•˜ë„¤ìš” ì•ˆì—ì„œ ìœ¡ì¦™ íŒ¡íŒ¡ í„°ì§€ê³  ë§›ë„ ì¢‹ì€ë° ì—¬ëŸ¬ê°œëŠ” ëª» ë¨¹ì„ ê²ƒ ê°™ì•„ìš”
í•˜ì‚°í•˜ê³  í•œê°œì”© ê¼­ ì‚¬ë¨¹ì–´ë³´ì„¸ìš©"
144,3.6,2022.03.18.,ê°•í’ìœ¼ë¡œ ê·¼ì²˜ë§Œ ã…œã…œ
145,3.6,2022.03.15.,"ì—¬ê¸´ ê¼­ê°€ì•¼í•©ë‹ˆë‹¤
ì¸ìœ„ì ì´ì§€ ì•Šê³  ê³„ì ˆë„ íƒ€ì§€ ì•Šì•„ì„œ 
ì–¸ì œê°€ë„ ì¢‹ë‚´ìš”"
146,4.1,2022.02.23.,ì½”ë¡œë‚˜ë¡œ í•´ì™¸ê¸¸ë„ ë§‰ížˆê³  ì œì£¼ë„ë§Œ 10ë…„ìƒˆ 10ë²ˆì„ ê°”ë”ë‹ˆ ë”ì´ìƒ ì œì£¼ì—ì„œ ê°ˆê³³ì´ ì—†ë„¤ìš”..ì•„ë¬´ë¦¬ ì¢‹ì€ê³³ë„ ì—¬ëŸ¬ë²ˆê°€ë©´ ì‹ìƒí•´ì§‘ë‹ˆë‹¤. ê·¸ëž˜ë„ ì œì£¼ë„ë¥¼ ëˆ„êµ¬ë³´ë‹¤ ì‚¬ëž‘í•©ë‹ˆë‹¤~
147,4.5,2022.02.18.,"ë‚ ì”¨ ì¢‹ì„ ë•Œ ê°€ë©´ í›¨ì”¬ ì¢‹ì„ ê²ƒ ê°™ìŠµë‹ˆë‹¤
ë¬´ë£Œêµ¬ì—­ê³¼ ìœ ë£Œêµ¬ì—­ì´ ìžˆëŠ”ë° ë‘˜ë‹¤ ê´œì°®ìŠµë‹ˆë‹¤
ìœ ë£Œêµ¬ì—­ì€ ì„±ì¸ê¸°ì¤€ 5ì²œì›ìœ¼ë¡œ ê°€ê²©ì´ ì¡°ê¸ˆ ìžˆë‹¤ê³  ìƒê°í•©ë‹ˆë‹¤ 
ë°‘ ì‚¬ì§„ì€ ë¬´ë£Œêµ¬ì—­ì—ì„œ ì°ì—ˆìŠµë‹ˆë‹¤
ìš´ë™í•˜ëŠ”ê±° ì‹«ì–´í•˜ì‹œê³  í’ê²½ì— í°ì˜ë¯¸ë¥¼ ë‘ì§€ ì•ŠëŠ”ë‹¤ë©´ ë¬´ë£Œë„ ë‚˜ì˜ì§€ ì•Šë‹¤ê³  ìƒê°í•©ë‹ˆë‹¤"
148,3.5,2022.01.31.,
149,3.5,2022.01.25.,ì¤‘ê°„ì— ì‰¬ì§€ ì•Šê³  ì²˜ìŒë¶€í„° ëê¹Œì§€ ê°™ì€ ì†ë„ë¡œ ì˜¬ë¼ê°€ì„œ 15ë¶„ì •ë„ ê±¸ë¦¼. ì„±ì‚°ì¼ì¶œë´‰ ì§±!
150,5.0,2022.01.18.,ì‚¬ì§„ ì°ìœ¼ë©´ì„œ ì˜¬ë¼ê°€ê³  ì¤‘ê°„ì— ì‰¬ê³  ê·¸ëž˜ì„œ ì •í™•í•œ ì‹œê°„ì€ ëª¨ë¥´ê² ì§€ë§Œ 20ë¶„ì •ë„ ê±¸ë ¸ë˜ ê²ƒ ê°™ì•„ìš” ì •ìƒê¹Œì§€!! ì¼ì¶œ ì‹œê°„ ë§žì¶°ì„œ ê¼­ ê°€ë³´ì„¸ìš” ã…Žã…Ž
151,4.0,2022.01.14.,"1. ì •ìƒì°ëŠ”ë° ì–¼ë§ˆ ì•ˆ ê±¸ë¦°ë‹¤(ì™•ë³µ50ë¶„)
2. ë²„ìŠ¤ì •ë¥˜ìž¥ì—ì„œ ìž…êµ¬ê¹Œì§€ 3ë¶„ ì •ë„ë©´ ê°„ë‹¤.
3. ìž¥ì†Œìžì²´ëŠ” ì¢‹ìœ¼ë‚˜ ì •ìƒ ìž…ìž¥ë£Œê°€ ë‹¤ì†Œ ë¹„ì‹¸ë‹¤(ì„±ì¸ 5ì²œì›)
4. ë´‰íˆ¬ì— ë‹´ê¸´ ì„ ë¬¼ìš© í¬ìž¥ëœ ì´ˆì½œë¦¿ì„ ëª» ë“¤ê³  ì˜¬ë¼ê°„ëŒ€ì„œ ë‹¹í™©í•¨. ì°¨ì— ë‘ê±°ë‚˜ ì•ˆë‚´ì†Œ ì˜† ë³´ê´€í•¨ì— ë³´ê´€í•´ì•¼í•˜ëŠ”ë° 18ì‹œ ì´ì „ì— ì°¾ì•„ì•¼ í•¨. 2ì‹œê°„ì„ ë‹¬ë ¤ì™”ëŠ”ë°, ì•ˆë‚´ê°€ ìž˜ ë˜ì–´ ìžˆì—ˆìœ¼ë©´ ë¯¸ë¦¬ ë§¡ê¸°ë“  í–ˆì„í…ë° ì—¬í–‰ê°ì— ëŒ€í•œ ë°°ë ¤ê°€ ë¶€ì¡±í•´ë³´ìž„ã…  íŠ¹ížˆ ë§¤í‘œì†Œ ì§ì› ë§¤ìš° ë¶ˆì¹œì ˆí•¨ ì°¨ë¼ë¦¬ ë¬´ì¸ ë§¤í‘œì†Œì˜€ìœ¼ë©´ ê¸°ë¶„ ëœ ìƒí–ˆì„ë“¯."
152,5.0,2022.01.14.,20ë¶„ ì •ë„ ì˜¬ë¼ê°€ë‹ˆê¹Œ ì •ìƒì— ë„ì°©í•´ì„œ íž˜ë“¤ì§€ë„ ì•Šê³  í’ê²½ì´ ë„ˆì–´ë¬´ ì˜ˆë»ì„œ ì§„ì§œ ì¢‹ì•˜ì–´ìš” ë‹¤ë§Œ ë‹¨ì ì€ ë°”ëžŒì´ ì§„ì§œ ìžì•™ë‚œ ì•„ë‹ˆê²Œ ë§Žì´ ë¶€ë‹ˆê¹Œ ë¨¸ë¦¬ ê¸°ì‹  ë¶„ì€ ë˜¥ë¨¸ë¦¬ë‚˜ ë•‹ì€ ë¨¸ë¦¬ ì¶”ì²œí•©ë‹ˆë‹¤ ê·¸ëƒ¥ ë¬¶ì—ˆë‹¤ê°€ ë¨¸ë¦¬ë¡œ ì‹¸ë‹¤êµ¬ ë§žê³  ê²ë‚˜ ì—‰ì¼°ì–´ìš¬ã…‹ã…‹ã…‹ã…‹ã…‹
153,3.9,2022.01.13.,
154,4.3,2022.01.08.,ì¢‹ì€ë° ë‹¤ë¬´ë£Œë¡œê°œë°©í•˜ë©´ì¢‹ê² ì–´ìš”
155,1.7,2022.01.07.,
156,2.0,2022.01.07.,
157,5.0,2022.01.07.,
158,3.9,2021.12.08.,ê·¸ë¦¬ìš´ ì„±ì¶œì´ ì½”ë¡œë‚˜ ì–¸ì œ í’€ë¦¬ë‹ˆ
159,3.5,2021.11.26.,ë“±ì‚° ì«´ê¸ˆ íž˜ë“¤ì§€ë§Œ ì˜¬ë¼ê°€ë©´ ë‹¤ ìžŠìŒ
160,4.0,2021.11.16.,"ë“±ì‚°ì€ ì¢€ ë¹¡ì„¸ì§€ë§Œ, ì˜¬ë¼ê°€ë©´ í›„íšŒì—†ì–´ìš”."
161,3.8,2021.11.16.,
162,2.0,2021.11.05.,ì¼ì¶œë´‰ ë§¤í‘œì†Œ ì—¬ì§ì›ë¶„ ë„ˆë¬´ ë¶ˆì¹œì ˆí•´ìš”
163,4.7,2021.10.30.,
164,4.7,2021.10.27.,
165,3.5,2021.10.03.,
166,4.4,2021.09.27.,ì •ìƒ ê°€ëŠ”ê¸¸ì´ ì—„ì²­ ë”ì›Œìš” ë¬´ë£Œê¸¸ë„ ê´œì°®ìŒ
167,3.8,2021.09.22.,
168,3.8,2021.09.17.,íž˜ë“¤ë‹¤ ì‹¶ì„ë–„ì¯¤ ì •ìƒ ë„ì°©í–ˆì–´ìœ  ì¢‹ì•„ìœ !
169,4.0,2021.09.04.,"ìˆ¨ì´ ê¹”ë”± ê±°ë¦´ ë•Œ ì¯¤ ì •ìƒ ë„ì°©
ë·°ëŠ” ë‹¨ì—° ì œì£¼ë„ ìµœê³ "
170,4.0,2021.09.02.,êµ¿
171,4.6,2021.08.24.,"í­ìš° ìŸì•„ì§€ëŠ” ë‚ ì— ê°”ì–´ìš”. ì •ìƒì—ì„œ ë¹„ ë§žìœ¼ë©´ì„œ ì•‰ì•„ìžˆì—ˆëŠ”ë° ë°”ë‹¤ë„ ë³´ì˜€ê³  ìš´ì¹˜ìžˆì–´ì„œ ì•„ì£¼ ì¢‹ì•˜ë„¤ìš”. ëª» ìžŠì„ ê¸°ì–µì´ì—ìš”.

ì°¸ê³ ) 24ì„¸ê¹Œì§€ ì²­ì†Œë…„ì´ë¼ê³  ì í˜€ìžˆìœ¼ë‹ˆê¹Œ 20ëŒ€ ì´ˆë°˜ì´ë©´ ì²­ì†Œë…„ ìš”ê¸ˆë‚´ê³  ìž…ìž¥í•˜ì„¸ìš”~"
172,4.3,2021.08.21.,"ì œì£¼ ì„œë¶€ê¶Œ ì—¬í–‰ ê³„íšì´ë¼ë©´ ì„±ì‚°ì¼ì¶œë´‰ì— ë‘˜ëŸ¬ë³´ìž

ì‚¬ì§„ìœ¼ë¡œëŠ” ë‹´ê¸° íž˜ë“  ì›…ìž¥í•¨ì´ ê¸°ë‹¤ë¦°ë‹¤"
173,3.8,2021.08.14.,
174,5.0,2021.08.09.,"ì„±ì‚°ì¼ì¶œë´‰
ì œì£¼ì—¬í–‰ ê°€ë³¼ë§Œí•œê³³ ê¼­ê°€ë´ì•¼í•˜ëŠ” ì„±ì‚° ì¼ì¶œë´‰ ìž‘ë…„ì—ëŠ” ì •ìƒì •ë³µ ì´ë²ˆì—” ë”ìš´ë‚ ì”¨,ê°€ì¡±ì—¬í–‰ì´ë¼  ì‚°ì±…ìƒê°í•˜ë‹¤ ê°‘ìžê¸° ëª¨íƒ€ë³´íŠ¸ë¥¼ íƒ€ë³´ë‚´  99ê°œì˜ ì™•ê´€ë°”ìœ„ê°€ ë‘˜ëŸ¬ ì„±ì„ ì´ë£¬ ì„±ì‚° ì•Œê²Œë¨
ìœ íŠœë¸Œ ë§Œë“¤ì–´ ì˜ìƒìœ¼ë¡œ ë§Œë“¤ì–´ ë´¤ì–´ìš”~^^
https://youtu.be/o4IRTJNi9Nk"
175,4.7,2021.07.21.,"ê³„ë‹¨ì´ ë§Žì§€ë§Œ ê·¸ëž˜ë„ ì˜¬ë¼ê°ˆë§Œ í•©ë‹ˆë‹¤ 
íŽ¸í•œì‹ ë°œ ì‹ ê³  ì˜¬ë¼ê°€ì„¸ìš”

ì €ì§ˆì²´ë ¥ ì´ì§€ë§Œ ì‰¬ì—„ì‰¬ì—„ ê°€ë‹ˆê¹Œ
ì •ìƒì´ë”ë¼êµ¬ìš” 
ë‚ ì”¨ê°€ ì¢‹ì€ë‚  ê°€ì‹œëŠ”ê±° ì¶”ì²œ ë“œë ¤ìš”"
176,5.0,2021.07.14.,ì•„ì¹¨ì— ë³´ë©´ ì¢‹ì•„ìš”!
177,4.7,2021.07.06.,ê³„ë‹¨ì´ ë§Žì•„ì„œ ìˆ¨ì°¨ê³  ë¬´ë¦Žë„ ì•„í”„ì§€ë§Œ~ ì œì£¼ì— ëª‡ë²ˆì”© ì˜¤ë©´ì„œë„ ë§¤ë²ˆ ì˜¬ë¼ê°€ë³´ì§€ ëª»í–ˆëŠ”ë° ì´ë²ˆì—” ì„±ê³µ^^ ë”¸ëž¨ ëŒê³  ê°•í’ì£¼ì˜ë³´ê°€ ë‚´ë ¸ëŠ”ë°ë„ ê¾¸ì—­ ì˜¬ë¼ê°€ë‹ˆ ì—­ì‹œ ì„¸ê³„ìžì—°ìœ ì‚°~ ë©‹ì§‘ë‹ˆë‹¤!!!
178,2.9,2021.06.07.,ìžì—°ê²½ê´€ì€ ì¢‹ìœ¼ë‚˜ ì£¼ë³€ ë°”ê°€ì§€ ì‹ë‹¹ë“¤
179,3.1,2021.06.06.,"ì¼ì¶œì„ ë³´ëŸ¬ ì˜¬ë¼ê°ˆë•ŒëŠ” ë§¤í‘œì†Œ ì—´ê¸° ì „ì´ë¼ ë¬´ë£Œìž…ìž¥ì´ë©°, ì£¼ì°¨ê³µê°„ì´ ì—¬ìœ ë¡­ìŠµë‹ˆë‹¤.
ì£¼ì°¨ìž¥ì—ì„œ ì •ìƒê¹Œì§€ ì•½ 20ë¶„ì •ë„ ì†Œìš”ë˜ë‹ˆ ì¼ì¶œ ì‹œê°„ ë§žì¶° ì˜¬ë¼ê°€ì„¸ìš”."
180,5.0,2021.06.04.,ì˜¬ë¼ê°€ê¸° ë³„ë¡œ ì•ˆíž˜ë“­ë‹ˆë‹¤. ì •ë§ì¶”ì²œí•´ìš”!
181,4.3,2021.05.30.,
182,2.0,2021.05.19.,ìœ ë£Œ íƒë°©ì€ ë¹„ì˜¤ê³  ì•ˆê°œë‚€ë‚ ì€ ë¹„ì¶”ì—ìš” ã†ë¬´ë£Œíƒë°© ì´ìš©í•˜ì‹œê¸¸á†¢  ìž…ìž¥ë£Œ  ë‚´ê³  íž˜ë“¤ê²Œ 30ë¶„ ì˜¬ë¼ì™”ëŠ”ë° ì•„ë¬´ê²ƒë„ ì•ˆë³´ì—¬ì„œ ì™„ì „ í—ˆë¬´í•˜ê³  ì†ìƒí–ˆì–´ìš”ã…œã…œ  ë‚  ë§‘ì€ë‚   ê¼­ ê°€ì…”ìš”
183,3.5,2021.05.18.,"ê¸‰í•˜ê²Œ ì˜¬ë¼ê°€ë©´ íž˜ë“¤ê³ ~
ì²œì²œížˆ ì˜¬ë¼ê°€ë©´ ížë§ ê·¸ ìžì²´~"
184,5.0,2021.05.15.,
185,4.8,2021.05.14.,
186,3.6,2021.05.11.,"ì œì£¼ ì—¬í–‰ì˜ ì‹œìž‘ì´ì—ˆë˜ ê³³
ì „ë§ëŒ€ ìª½ìœ¼ë¡œ ê°€ëŠ”ê¸¸ ë°”ë‹¤ê°€ ë„ˆë¬´ ì´ì¨"
187,4.5,2021.04.30.,"êµ¿
ì¢‹ì•„ìš”"
188,5.0,2021.04.26.,
189,4.4,2021.04.19.,
190,3.3,2021.04.16.,
191,4.4,2021.04.08.,
192,5.0,2021.02.18.,
193,4.5,2021.02.14.,
194,4.4,2021.02.01.,View
195,2.6,2021.01.18.,ìš´ë™ë„ í•˜ê³  ë©‹ì§„ ì ˆê²½ë„ êµ¬ê²½í•˜ê³ !
196,3.0,2021.01.07.,
197,4.7,2021.01.07.,ë¬´ë£Œì½”ìŠ¤ ë”°ë¡œìžˆì–´ì„œ ì¢‹êµ¬ìš” ë‹¤ìŒì— ë†€ëŸ¬ì˜¤ë©´ ìœ ë£Œì½”ìŠ¤ ê°€ë³´ê³  ì‹¶ë„¤ìš”
198,4.3,2020.12.16.,"11ì›” ë§ì— ì˜¤ì „ 6:40ë¶„ë¶€í„° ì˜¬ë¼ê°”ì—ˆëŠ”ë° êµ¬ë¦„ì— ê°€ë ¤ì„œ ì •ìƒì—ì„œ ë‘¥ê·¼ í•´ëŠ” ëª»ë´¤ê³  ê·¸ëž˜ë„ ìš´ì¹˜ìžˆì—ˆë‹¤. 
ë§¤í‘œì†Œ í†µì œ ì—†ëŠ” ì‹œê°„ëŒ€ì§€ë§Œ ì£¼ë¯¼ë¶„ë“¤ì´ë‚˜ ì¼ì¶œë³´ëŸ¬ ì¼ì° ì˜¬ë¼ê°€ëŠ” ë¶„ë“¤ ê³„ì…”ì„œ ìœ„í—˜í•˜ê±°ë‚˜ ë¬´ì„­ì§„ ì•ŠìŒ.
ì§§ì§€ë§Œ ì˜¤ë¥¼ë•Œ ê°€íŒŒë¥¸ íŽ¸ì´ê³  ë‚´ë ¤ì™€ì„œ ë‘˜ëŸ¬ë³´ê³  ê´‘ì¹˜ê¸°í•´ë³€ìª½ ã…¡ í„°ì§„ëª© ë„ˆë¨¸ê¹Œì§€ í•´ë³€ê°€ë”°ë¼ ê±·ê¸°(ì˜¬ë ˆê¸¸) ì¢‹ë‹¤. ë‚´ë‚´ ì¡°ìš©í•˜ê³  ë°”ë‹¤ìœ„ì—ëŠ” ë‘¥ê·¼í•´ ë– ìžˆìŒ.

ìˆ˜í•™ì—¬í–‰ë•Œ ë‹¤ë…€ì™€ì„œ ê¸°ì–µì—ë„ ì—†ë˜ ê³³ì¸ë° ã… 
ê°€ê³  ì‹¶ì–´ì„œ ì°¾ì•„ê°€ë³´ë‹ˆ ìœ„ì—„ì´ ëŒ€ë‹¨í•œ ê³³...
ë™ë¶€ë¥¼ ëŒì•„ë‹¤ë‹ˆë‹¤ ë³´ë©´ ì—¬ê¸°ì €ê¸°ì„œ ë³´ì´ëŠ” ì„±ì‚°ì¼ì¶œë´‰ì¸ë° ê°€ê¹Œì´ì„œ ë³´ë©´ ë˜ ë‹¤ë¥¸ ë©‹ì´ ìžˆì–´ì„œ ì¶”ì²œ"
199,5.0,2020.12.15.,íž˜ë“¤ì§€ ì•Šê³  ê²½ì¹˜ë„ ì¢‹ê³  êµ¬ê²½í•˜ê¸° ë”± ì¢‹ì•˜ìŠµë‹ˆë‹¤
200,4.0,2020.12.12.,í•´ ëœ¨ëŠ” ëª¨ìŠµ
201,3.7,2020.11.26.,ì •ë§ì •ë§ ì¢‹ì•„ìš”. ë³„ 10ê°œ!
202,4.6,2020.11.18.,
203,4.2,2020.11.14.,ì„±ì‚°ì¼ì¶œë´‰ì€ ì˜¬ë¼ê°€ë´ì•¼ ì•ˆë‹¤.
204,4.9,2020.11.08.,
205,4.0,2020.11.08.,ë„ˆë¬´ë„ˆë¬´ë„ˆë¬´ë„ˆë¬´ë„ˆë¬´ë„ˆë¬´ ì¢‹ì•„ ã… ã… 
206,3.5,2020.11.06.,ì •ìƒ ì „ë§ëŒ€ì— ê°€ë§Œížˆ ì•‰ì•„ìžˆìŒ ì‹œì›í•˜ê¸°ë„ í•˜ì§€ë§Œ ë³„ ìƒê°ì´ ë‹¤ë“¦. ë¨¼ í›„ëŒ€ ì–¸ì  ê°„ ì´ ê±°ëŒ€í•œ ë¶„í™”êµ¬ê°€ í–‰ì‚¬ ë˜ëŠ” ì—°ê·¹ì˜ ë¬´ëŒ€ë¡œ ì“°ì´ë©´ ì¢‹ê² ë‹¤ ìƒê°í•¨.
207,4.5,2020.11.05.,íë¦¬ê³  ë¹„ê°€ ì‚°ë°œì ìœ¼ë¡œ ì˜¤ëŠ” ë‚ ì”¨ë¼ ì•ˆ ì˜¬ë¼ê°ˆê¹Œ í–ˆëŠ”ë° ì˜¤ížˆë ¤ ê·¸ëž˜ì„œ ë¥ì§€ ì•Šì•˜ê³  ì‹œì›í•˜ê³  ì •ë§ ì¢‹ì•˜ì–´ìš”ã… ã… ã… ã… í•´ê°€ ë„ˆë¬´ ì¨ì¨í•˜ë©´ íž˜ë“¤ ìˆ˜ë„ ìžˆì„ ê²ƒ ê°™ì•„ìš” ë‚  íë ¤ì„œ ì•ˆ ì˜¬ë¼ê°€ì‹œë ¤ëŠ” ë¶„ë“¤ë„ ê¼­ ì˜¬ë¼ê°€ë³´ì„¸ìš”
208,4.4,2020.11.05.,
209,3.1,2020.11.05.,"í•´ë‹ì´, ë°˜ëŒ€íŽ¸ë³´ì´ëŠ” í•œë¼ì‚°..
í’ê´‘ì€ ì¢‹ìŠµë‹ˆë‹¤ë§Œ..
ì˜¤ë¥´ë‚´ë¦´ë•Œ ê³„ë‹¨ì€ ê·¹ì•…ì˜ ê³ í†µìž…ë‹ˆë‹¤."
210,5.0,2020.11.03.,
211,3.5,2020.10.18.,"ë‚ ì´ ë§‘ì•„ì„œ ì•„ë¦„ë‹¤ìš´ í’ê²½ì„ ë§Œë½í•  ìˆ˜ ìžˆì—ˆìŠµë‹ˆë‹¤
ê³„ë‹¨ì´ ê°€íŒŒë¥¸ íŽ¸ì´ë¼ ë§ˆìŒì˜ ì¤€ë¹„ë¥¼ í•˜ì‹œëŠ” ê²Œ ì¢‹ê² ìŠµë‹ˆë‹¤
ê°œì¸ì ìœ¼ë¡œ ìš´ë™ìœ¼ë¡œì„œ ê³„ë‹¨ì„ ì¢‹ì•„í•˜ëŠ” íŽ¸ì´ë¼ì„œ ë§Žì´ íž˜ë“¤ì§€ëŠ” ì•Šì•˜ìŠµë‹ˆë‹¤
ì •ìƒì— ê°€ë©´ ë‚˜ë¬´ë¡œ ê³„ë‹¨ì„ ë§Œë“¤ì–´ ë†“ì•˜ëŠ”ë° ë†’ì´ê°€ ë“¤ì­‰ë‚ ì­‰ì¸ë°ë‹¤ ë†’ì•„ì„œ ì¡°ì‹¬í•˜ì…”ì•¼ í•©ë‹ˆë‹¤
â˜…ì •ìƒê¹Œì§€ ê°€ë ¤ë©´ í‘œë¥¼ êµ¬ë§¤í•´ì•¼ í•˜ê³  ë¬´ë£Œì½”ìŠ¤ë¡œ í•´ì•ˆê¸¸ì„ ë”°ë¼ ëŒ ìˆ˜ ìžˆìŠµë‹ˆë””"
212,3.9,2020.10.16.,ì˜¬ë¼ê°€ì„œ ë³´ëŠ” ì •ìƒê³¼ ë°”ë‹¤ì˜ í’ê²½ê³¼ ë‚´ë ¤ì˜¤ë©° ë³´ì´ëŠ” ì œì£¼ì˜ í’ê²½ ëª¨ë‘ ë„ˆë¬´ ë©‹ì ¸ìš” ì¼ëª°ì‹œê°„ëŒ€ ê°€ë©´ ì •ë§ ì¢‹ì•„ìš”
213,3.8,2020.09.30.,ë§í•  í•„ìš”ê°€ì—†ëŠ”ê³³ ë„ˆë¬´ ë©‹ì§ ë°”ëžŒë§ŽìŒ ë‚´ë ¤ì˜¤ë‹¤ê°€ ë°”ë‹¤ì—ì„œ í•´ë…€ê°€ ë¬¼ì§ˆí•˜ì‹œëŠ”ê²ƒë„ ë´„ ë„ˆë¬´ ë©€ì–´ì„œ ì¹´ë©”ë¼ë¡œ í™•ëŒ€í•´ì„œ ë´„ ëŒ€ë‹¨í•˜ì‹¬
214,4.1,2020.09.28.,ì¥‘ìž„.
215,4.6,2020.09.10.,"ë§ì´í•„ìš”ì—†ì ¸
ìžì—°ì˜ëŒ€ìž¥ê´€!!"
216,3.9,2020.08.26.,í‰ì†Œì— ìš´ë™ ê¾¸ì¤€ížˆ í•˜ëŠ” ë¶„ë“¤í•œí…ŒëŠ” ë¬´ë‚œí•©ë‹ˆë‹¤.ì˜¬ë¼ê°€ê±°ë‚˜ ë‚´ë ¤ê°€ë©´ì„œ ì—¬ëŸ¬ê°€ì§€ ì´ˆë¡ìžŽì„ ë³¼ ìˆ˜ ìžˆì–´ ì¢‹ë„¤ìš”
217,4.5,2020.08.14.,"ê²½ì¹˜ ì¢‹ë„¤ìš”.....
ì˜¬ë¼ê°€ê¸° íž˜ë“ ê²ƒë§Œ ë¹¼ê³ ìš”....
ì—¬ë¦„ì— ê°€ì‹œë©´ ëª¨ê¸°ê¸°í”¼ì œ ë¿Œë¦¬ì„¸ìš”!"
218,3.9,2020.08.11.,"ë¬´ë£Œ, ì •ìƒ ì½”ìŠ¤ 2ê°œìžˆì–´ìš”
ì •ìƒì´ ê½¤ ë†’ì•„ë³´ì´ê³  íž˜ë“¤ê±° ê°™ì•„ íŽ¸í•œ ì‹ ë°œ ì‹ ê³  ê°€ê¸¸ ì¶”ì²œë“œë¦½ë‹ˆë‹¤
ë¬´ë£Œì½”ìŠ¤ë„ ì •ë§ ì´ì˜ê³  ì„±ì‚°ì¼ì¶œë´‰ ìžì²´ê°€ ì›…ìž¥í•˜ê³  ë©‹ìžˆì–´ì„œ ê¼­ ë³´ëŸ¬ì˜¤ì‹œê¸¸ ì¶”ì²œ!!"
219,4.3,2020.08.11.,í•œë²ˆì€ ì˜¬ë¼ê°€ë³¼ë§Œí•œë“¯í•¨ ë“±ì‚°ëª»í•˜ëŠ”ì‚¬ëžŒì€ í•˜ë£¨ë¼ë„ì Šì„ë•Œ ì˜¬ë¼ê°€ë´ì•¼í• ë“¯
220,3.9,2020.08.05.,ì¼ëª°ë„ ì¢‹ì§€ë§Œ ì¼ì¶œë„ ì¢‹ë‹µë‹ˆë‹¤
221,2.6,2020.08.03.,ë§¤ì›” ì²«ì§¸ì£¼ ì›”ìš”ì¼ì€ íœ´ë¬´ìž…ë‹ˆë‹¤
222,4.4,2020.08.02.,ì•„ì£¼ ì‹ ë¹„í•˜ê³  ì•„ë¦„ë‹¤ì›Œìš”
223,4.7,2020.07.20.,"ë•€ë»˜ë»˜í˜ë¦¬ë©´ì„œ ì •ìƒì— ë„ì°©í–ˆëŠ”ë° ë„ˆë¬´ ë©‹ì§€ê³ 
ë¿Œë“¯í–ˆì–´ìš”!!"
224,3.5,2020.07.15.,ì¼ì¶œë³´ëŸ¬ ìƒˆë²½ì— ê°”ìœ¼ë‚˜ ë‚ ì”¨ê°€ ì•ˆì¢‹ì•„ ëª»ë´¤ì–´ë„ ì—­ì‹œëŠ” ì—­ì‹œ >.<
225,4.6,2020.07.14.,"ê³„ë‹¨ë§Œ ì—°ì†ë˜ëŠ”êµ°ìš”. ì—¬ë¦„ì´ë¼ ì œë²• íž˜ë“¤ì—ˆìŠµë‹ˆë‹¤.
ë“±ë°˜ë³´ë‹¤ëŠ” ì£¼ë³€ ì‚°ì±…í•˜ëŠ”ê²Œ ë” ì¢‹ì•„ìš”.
í˜¹ì€ ì¼ì¶œ, ì¼ëª°ë•Œ ì˜¬ë¼ì•¼..."
226,4.2,2020.07.14.,
227,4.6,2020.07.06.,
228,3.8,2020.06.07.,"ì—¬ëŸ¬ë²ˆ ê°€ë„ ë³¼ë•Œë§ˆë‹¤ ìµœê³ ë¡œ ì¢‹ë‹¤
ì™¼ìª½ ìš°íšŒ (ë¬´ë£Œ ì‚°ì±…ë¡œ) ì—¬ê¸°ë„ ìµœê³ ë‹¤
í•´ë…€ë“¤ì´ ë¬¼ì§ˆí•˜ëŠ”ê³³ ì•„ëž˜ë¡œ ë‚´ë ¤ê°€ë©´
ìµœê³ ì˜ ê²½ê´€"
229,2.0,2020.06.02.,ìž…ìž¥ë£Œê°€ ì§„ì§œ ë„ˆë¬´ ë¹„ì‹¸ì¡Œì§€ë§Œ ì œì£¼ë„ ì™”ë‹¤ë©´ ì¼ì¶œë´‰ ì •ìƒë„ í•œë²ˆ ì˜¬ë¼ë´ì•¼ì£ . ì œì£¼ë„ëŠ” ì´ê±° ë…¸ë¦¬ê³  ìž…ìž¥ë£Œ ì˜¬ë ¸ì£ 
230,2.8,2020.05.27.,"ì£¼ì°¨ë¹„ ë¬´ë£Œ
7ì‹œ ì „ì— ìž…ìž¥í•˜ë©´ ìž…ìž¥ë£Œ ë¬´ë£Œ
ì •ìƒì˜¤ë¥´ë©´ ë³„ê±°ì—†ìŒ
ë¬´ë£Œë“±ë°˜ë¡œë§Œ ë´ë„ ì¶©ë¶„"
231,3.9,2020.05.20.,"ìœ ë£Œì½”ìŠ¤ì™€ ë¬´ë£Œì½”ìŠ¤ê°€ìžˆìœ¼ë‹ˆ ìˆ™ì§€ë°”ëžŒ
ë·°ëŠ” ìµœê³ "
232,4.2,2020.05.15.,"ë¹„ìš© ë“¤ì´ì§€ ì•Šê³  ì˜¬ë¼ê°€ì§€ë„ ì•ŠìŒ
ë˜ ë´ë„ ê²½ê´€ì€ í›Œë¥­í•¨"
233,5.0,2020.04.24.,ì–¸ì œ ê°€ë„  ì¢‹ì•„ìš”!
234,4.4,2020.04.15.,ìµœê³ ì˜ˆìš”
235,3.3,2020.03.16.,
236,3.0,2020.02.19.,ì•„ë¦„ë‹¤ì›Œìš”
237,4.5,2020.02.14.,ì—„ì²­ ì¢‹ì•˜ì–´ìš” ê·¸ë•ŒëŠ” ë‚ ì”¨ê°€ íë¦¼ì´ì•„ë‹ˆì˜€ë‹¤ë©´.....ã… ã… 
238,3.0,2020.01.27.,
239,4.2,2020.01.25.,ì‹œê°„ì´ ì—†ì–´ì„œ ì˜¬ë¼ê°€ì§€ëŠ” ëª»í–ˆëŠ”ë° ë‚  ì¢‹ì€ ë‚ ì— ì²œì²œížˆ ì˜¬ë¼ê°€ë³´ê³  ì‹¶ë„¤ìš”. ì£¼ë³€ ë¬´ë£Œ ì½”ìŠ¤ë„ ì¢‹ì•˜ì–´ìš”.
240,4.7,2020.01.18.,"ìµœê³ ì˜ ê²½ì¹˜
ì‹œì›í•œ ë°”ëžŒ
ê¹¨ë—í•œ ê³µê¸°"
241,4.7,2019.12.22.,
242,4.6,2019.12.06.,"ë‚®ì—ë„ ì¢‹ì•„ìš”! ì™•ë³µ 50ë¶„ ì •ë„ì—ìš”
ì‚°ì±…ë¡œì²˜ëŸ¼ ë˜ì–´ì„œ ì¡°ê¸ˆ ì•„ì‰¬ì› ëŠ”ë° í’ê²½ì€ ì¢‹ì•„ìš”ã…Ž"
243,3.9,2019.11.30.,ê¼­ ê¸°ì–µí•˜ì„¸ìš” ì„±ì‚°ì¼ì¶œë´‰ì€ ì¼ëª°ìž…ë‹ˆë‹¤. í˜„ìž¬ ì‹œê¸°ë¡œ 5ì‹œì— ì˜¬ë¼ê°€ê¸° ì‹œìž‘í•˜ë©´ íƒ€ì´ë° ë”±ì´ì˜ˆìš” ì£½ì„ê±°ê°™ì•„ë„ ì°¸ê³  ì˜¬ë¼ê°€ë³´ì„¸ìš” ì§„ì§œ ë„ˆë¬´ ì•„ë¦„ë‹¤ì›Œìš”
244,2.3,2019.11.23.,íž˜ë“¤ì–´ ì£½ì„êº¼ ê°™ë‹¤ê°€ ì •ìƒë„ì°©~~
245,4.2,2019.11.02.,ë°”ë‹·ë¬¼ì€ ë…¹ìƒ‰ ëª¨ëž˜ëŠ” ê²€ì€ìƒ‰ ë°”ëžŒì€ í¬ê³  ê·“ê°€ì— íŒŒë„ì†Œë¦¬ê°€ í‘¸ë¥´ë‹¤
246,3.5,2019.10.20.,ì„±ì‚°ì¼ì¶œë´‰. í•´ ëœ¨ëŠ”ê±° ë³´ëŸ¬ ì¼ì¶œì‹œê°„ ë§žì¶°ì„œ ê°”ìŠµë‹ˆë‹¤. ì •ë§ ì†ì´ ë»¥ ëš«ë¦¬ëŠ”ê²ƒì²˜ëŸ¼ ë‚´ë ¤ë‹¤ ë³´ëŠ” ê²½ì¹˜ê°€ ì¢‹ì•„ìš” ë‹¤ë§Œ.. ì—„ì²­ íž˜ë“­ë‹ˆë‹¤. ì˜¬ë¼ê°€ëŠ” ê¸¸ì´ ìƒë‹¹ížˆ ê°€íŒŒë¦…ë‹ˆë‹¤. ì°¸ê³ í•˜ì‹œê¸¸.
247,3.4,2019.08.25.,
248,4.3,2019.08.23.,"ë²„í‚·ë¦¬ìŠ¤íŠ¸ ì¤‘ í•˜ë‚˜ì—¬ì„œ ë³´ëŸ¬ê°„ê±°ê¸´ í•œë°, ê°ì˜¤ëŠ” í–ˆì§€ë§Œ íž˜ë“¤ì—ˆê³  ì‚¬ëžŒì´ ì¦ë§ ë§Žì•˜ì–´ìš”. ê°ìƒì— ì –ê¸´ íž˜ë“¤ê³ ..ã…Ž í’ê²½ì€ ê¸°ê°€ë§‰ížˆê²Œ ì˜ˆë»¤ìŠµë‹ˆë‹¤~~"
249,2.7,2019.08.17.,"ë©€ë¦¬ì„œ ë³´ëŠ” ì„±ì‚°ë„ ê°€ê¹Œì´ì„œ ë´¤ë˜ ì„±ì‚°ë„ ì¢‹ì•˜ìŠµë‹ˆë‹¤.
ê²½ì¹˜ëŠ” ë”í• ë‚˜ìœ„ì—†ì´ ì¢‹ìŠµë‹ˆë‹¤.
í—ˆë‚˜ ì¤‘êµ­ì¸ë“¤ì´ ì›Œë‚™ ë§Žì´ ë°©ë¬¸í•˜ì—¬ ì—¬ê¸°ê°€ í™”ì‚°ì¸ì§€ ì„±ì‚°ì¸ì§€ ëª¨ë¥¼ì •ë„ì´ê¸´í–ˆìŠµë‹ˆë‹¤.
ì €ë„ ëª¨ë¥´ê²Œ ìž…ì—ì„œ ì¤‘êµ­ì–´ê°€ íŠ€ì–´ë‚˜ì™”ìŠµë‹ˆë‹¤.
ë‹ˆì·¨íŒ”ëŸ¬ë§ˆ??"
250,4.4,2019.08.15.,ì´ëŸ¬ë‹¤ ì£½ê² ë‹¤ì‹¶ì„ ë•Œ ë„ì°©ìž…ë‹ˆë‹¤.
251,3.1,2019.08.11.,ì¼ëª° ë³´ëŸ¬ ì˜¬ë¼ê°”ì—ˆëŠ”ë° ìƒê°ë³´ë‹¨ ìž˜ ì•ˆë³´ì—¬ì„œ ì•„ì‰½.....
252,4.6,2019.08.04.,"ì˜¬ë¼ê°€ê¸° ë§Œë§Œì¹˜ ì•ŠìŒ
ë¶€ëª¨ë‹˜ ëª¨ì‹œê³  ì˜¤ì‹œëŠ” ë¶„ë“¤ì€ ê°ì˜¤ í•˜ì…”ì•¼ í•  ë“¯..
ìž…ìž¥ë£Œë„ 5ì²œì›ì¸ê°€ë¡œ ì˜¤ë¦„
ê°€íŒŒë¥¸ ê³„ë‹¨ì´ ë§Žì•„ ë‹¤ë¦¬ê°€ ì•„í”„ë‹¤
í•˜ì§€ë§Œ ì˜¬ë¼ê°€ì„œ ë³´ëŠ” ì¼ëª°ì´ ë„ˆë¬´ ì´ë»¤ë‹¤
ì¼ì¶œë´‰ ì´ì§€ë§Œ ë°˜ëŒ€íŽ¸ ë´‰ìš°ë¦¬ë¡œ ì§€ëŠ” ì¼ëª°ë„ ë°”ë‹¤ì— ë…¸ì„ì´ ë°˜ì‚¬ë˜ì–´ ìž”ìž”í•˜ë‹ˆ ê°ë™ì ì´ì—ˆë‹¤"
253,3.8,2019.07.31.,ì œì£¼ë„ ë‹¤ë…€ì™”ë˜ ê³³ ì¤‘ì— ìµœê³ ì˜€ì–´ìš”.... ì˜¤ë¥´ëŠ”ê²Œ ë¥ê³  íž˜ë“¤ì—ˆì§€ë§Œ ë‹¤ ì˜¤ë¥´ê³  ì •ìƒì— ì˜¬ë¼ê°€ë©´ ì •ë§ ë„ˆë¬´ ë©‹ì§„ ìžì—°ì´ íŽ¼ì³ì§‘ë‹ˆë‹¤ ê¼­ ê°€ì„¸ìš”!!!
254,3.2,2019.06.14.,"í•œë¼ì‚°, ì„±ì‚°ì¼ì¶œë´‰ ì´ ë‘ê³³ì€ ê¼­ ê°€ì•¼í•©ë‹ˆë‹¤.
ì„±ì‚°ì¼ì¶œë´‰ì€ ê´€ê´‘ê°ì´ ì—„ì²­ë‚˜ìš”.
ê·¸ëž˜ë„ ì˜¤ë¥¼ë§Œí•œ ê°€ì¹˜ê°€ ìžˆìŠµë‹ˆë‹¤."
255,3.5,2019.05.22.,"ì„±ì‚°ì¼ì¶œë´‰ ì€ ì œì£¼ì˜ ìƒì§•ì´ë‹¤
ì œì£¼ë„ í•˜ë©´ ì„±ì‚°ì¼ì¶œë´‰ ì´ë‹¤
ìœ ë„¤ìŠ¤ì½” ì§€ì • ë³´ë¬¼í•˜ë©´ ì„±ì‚°ì¼ì¶œë´‰"
256,4.3,2019.05.21.,"1. ìž…ìž¥ë£Œ2ì²œì›

2. í˜¼ìž ê°”ë˜ë°ë‹¤ íž˜ë“  ê²ƒë„ ì‹«ì–´ì„œ ì˜¬ë¼ê°€ì§€ ë§ê¹Œ í•˜ë‹¤ê°€ ë‹¤ë…€ì™”ëŠ”ë° í›„íšŒì—†ì–´ìš” í•œë²ˆì¯¤ì€ ê¼­ ê°€ë³´ì„¸ìš”. ì˜¬ë¼ê°€ëŠ”ê¸¸ ê²½ì¹˜ë³´ë©´ì„œ ì‚¬ì§„ì°ìœ¼ë©´ì„œ ì‰¬ì—„ì‰¬ì—„ ê°€ë©´ ê¸ˆë°©ì´ê³  ì •ìƒì—ì„œ ë°”ëžŒì¬ë©´ ë”ìœ„ë„ ê¸ˆë°© ê°€ì…”ìš”. ë‹¤ë§Œ ë‚´ë ¤ì˜¬ ë•Œ ë„ê°€ë‹ˆ ê¹Žì—¬ë‚˜ê°€ëŠ” ê¸°ë¶„ì´ë‹ˆ ì‹ ë°œì€ ì œëŒ€ë¡œ ì‹ ê³ ê°€ì‹œëŠ”ê²Œ ê´€ì ˆê³¼ ì•ˆì „ì— ë” ì¢‹ìŠµë‹ˆë‹¤.

3. ë“±ë°˜ê¸¸ ì´ˆìž…ì˜ ìŠˆí¼ì—ì„œ ì •ìƒ ì˜¬ë¼ê°€ë©´ ë¬¼ì„ ì•ˆíŒë‹¤ê³  í™ë³´í•˜ì‹œëŠ”ë° ë ˆì•Œì´ë‹ˆê¹Œ ìŒë£Œ í•˜ë‚˜ì •ë„ëŠ” êµ¬ë§¤í•˜ì‹œê±°ë‚˜ ë¯¸ë¦¬ ì±™ê²¨ê°€ë©´ ì¢‹ìŠµë‹ˆë‹¤. ì˜¬ë¼ê°€ëŠ” ë‚´ë‚´ í›„íšŒí•¨...

4. í•´ë…€ì˜ì§‘ ì•ž ë³´íŠ¸ì²´í—˜ 1ë§Œì›/2ë§Œì› (ì½”ìŠ¤ë³„ë¡œ ë‹¤ë¦„) 1ë§Œì›ì½”ìŠ¤ 8~9ë¶„ê°€ëŸ‰ ìš´í–‰, í˜„ê¸ˆë§Œ ë°›ìŒ (ê³„ì¢Œì´ì²´ë„ ë°›ìœ¼ì‹œê¸´ í•˜ëŠ”ë° ì•„ë¬´ëž˜ë„ ì§€íë¥¼ ì„ í˜¸í•˜ì‹¬) 4ì¸ì´ìƒ ëª¨ì—¬ì•¼ ì¶œë°œ. ì‹œì›í•´ì„œ í•œë²ˆì¯¤ íƒˆë§Œ í•´ìš”

5. ë³´íŠ¸íƒ€ëŠ” í•´ì•ˆê°€ëŠ” ì°ë¬¼ ë•Œë„ ê¼­ ê°€ë³´ì„¸ìš” ê´‘ì¹˜ê¸°í•´ë³€ë§Œí¼ì´ë‚˜ ë©‹ì§. í•´ë…€ë¶„ë“¤ ë¬¼ì§ˆí•˜ëŸ¬ ì¶œë°œí•˜ëŠ” ê²ƒë„ ìž¥ê´€."
257,3.1,2019.05.03.,ì œì£¼ë„ì˜ ì‹œê·¸ë‹ˆì³
258,3.9,2019.03.07.,ë¹„ì˜¬ë•Œ ì‚¬ëžŒë„ ë³„ë¡œ ì—†ê³  ì •ìƒ ë…ì°¨ì§€ í•´ì„œ ë„ˆë¬´ ì¢‹ì•˜ì–´ìš” ê·¸ë¦¬ê³  ì •ìƒì—ì„œ í•´ì„¤ë„ í•´ì£¼ì‹œëŠ”ë° ê³„ì‹œë©´ ê¼­ ë“¤ìœ¼ì„¸ìš” ì¢‹ìŒ
259,3.9,2019.02.08.,"ìž…ìž¥ í›„ ì–´ëŠì •ë„ ì˜¤ë¥´ë‹¤ë³´ë©´ ìŒë£Œìˆ˜ íŒŒëŠ” ê°€ê²Œê°€ ë‚˜ì˜¤ëŠ”ë° ê¸°ë¶„ ë‚˜ì˜ê²Œ ìƒ€ì–´ìš”.. 
ì˜¤ë¥´ë ¤ë©´ ì–¼ë§ˆë‚˜ ê±¸ë¦¬ëƒëŠ” ê°„ë‹¨í•œ ì§ˆë¬¸ì¡°ì°¨ë„ â€œì¼ë‹¨ ìŒë£Œìˆ˜ ë¨¼ì € ì‚¬ë¼â€ë©´ì„œ ê°•ë§¤(ìŒë£Œì— ë¶™ì€ ìŠ¤í‹°ì»¤ë¥¼ íŒ”ê¸°ë„ ì „ì— ë–¼ë²„ë¦¼)ë¥¼ í•©ë‹ˆë‹¤. ì‚¬ê³  ë‚˜ì„œë„ í•œì°¸ ê±¸ë¦°ë‹¤ëŠ” ì• ë§¤ëª¨í˜¸í•œ ë‹µë°–ì— ëª»ë“¤ì—ˆì–´ìš”. 3ì²œì›ì´ë¼ ë¹„ì‹¸ë‹ˆê¹Œ ìŒë£ŒëŠ” ë¯¸ë¦¬ ì‚¬ì„œ ì˜¤ë¥´ì‹œê¸¸ ë°”ëžë‹ˆë‹¤.
 2019ë…„ 7ì›” 1ì¼ë¶€í„°ëŠ” ì„±ì¸ ê¸°ì¤€ ìž…ìž¥ë£Œê°€ 2ì²œì›ì—ì„œ 5ì²œì›ìœ¼ë¡œ ì˜¤ë¥¸ë‹¤ê³  í•˜ë„¤ìš” ì°¸ê³ í•˜ì„¸ìš© 
ì•„ ê·¸ë¦¬ê³  ì˜¬ë¼ê°€ëŠ”ë° ì•ˆì‰¬ê³  30ë¶„ì •ë„ ê±¸ë ¤ìš”"
260,4.2,2019.01.14.,ê´€ê´‘ì•ˆë‚´ì—ëŠ” ì´ìš©ê°€ëŠ¥ì‹œê°„ì´  ì˜¤í›„ 7ì‹œê¹Œì§€ë¼ê³  ë˜ì–´ìžˆì§€ë§Œ ì‹¤ì§ˆì ì¸ ë§¤í‘œë§ˆê°ì€ 5ì‹œ50ë¶„ì´ë¼ê³  í•˜ë‹ˆê¹Œ ëŠ¦ì§€ ì•Šê²Œ ì£¼ì˜í•  ê²ƒ..
261,3.7,2019.01.09.,ë©‹ì§‘ë‹ˆë‹¤~~^^
262,3.5,2018.12.10.,ìžì—°ì˜ ì•„ë¦„ë‹¤ì›€
263,3.1,2018.11.30.,"04ë…„ ""ê²½ì¹œíšŒ"" ë¶€ë¶€ë™ë°˜ ì—¬í–‰."
264,4.3,2018.11.23.,
265,3.6,2018.10.09.,
266,3.7,2018.09.27.,ì‚¬ì´ì¦ˆ ìžˆë„¤ìš”~ ã…Žã…Žã…Ž
267,3.7,2018.08.17.,ì˜¬ë¼ê°€ê¸° íž˜ë“¤ì—ˆì§€ë§Œ ì˜¤ë¥´ëŠ” ê¸¸ì— ë³´ì´ëŠ” ê²½ì¹˜ê°€ íž˜ë“  ê±¸ ìžŠê²Œ ë§Œë“¤ì–´ì£¼ëŠ” ì ˆê²½
268,3.8,2018.07.19.,ì˜¬ë¼ê°€ëŠ” ê¸¸ì´ ì‰½ì§„ ì•Šì•„ìš”. íŠ¹ížˆ ë”ìš´ ë‚ ì—” ì§„ì§œ ë•€ ë»˜ë»˜ì´ì§€ë§Œ ê·¸ëž˜ë„ ì‚´ë©´ì„œ ì´ë§Œí•œ ê³µ ë“¤ì—¬ ë³´ê¸°ì— ì•„ê¹ì§€ ì•Šì€ í’ê²½ìž…ë‹ˆë‹¤. íŠ¹ížˆ ë‚´ë ¤ì˜¤ëŠ” ê³„ë‹¨ì—ì„œ ë³´ëŠ” ì œì£¼ë„ ë™ìª½ ë°”ë‹¤ê°€ ë„ˆë¬´ ì˜ˆë»ìš”
269,3.5,2018.07.15.,6ì‹œ ë°˜ ì „í›„ë¡œ ê°€ë©´ ê°€ìž¥ ì¢‹ìŒ!!
270,3.0,2018.07.14.,"ì˜¬ë¼ê°€ëŠ” ê¸¸ì´ ê¸¸ì§„ ì•Šì§€ë§Œ ì—¬ë¦„ì—” ì ˆëŒ€ì ˆëŒ€ ê¼­ëŒ€ê¸°ê¹Œì§€ ì˜¬ë¼ê°€ì§€ ë§ˆì„¸ìš”!!!!ê¼­ëŒ€ê¸°ì—ì„œ ë³´ëŠ” ê²½ì¹˜ë„ ë³„ ê±° ì—†ê³ , ì„ í¬ë¦¼ ë°”ë¥´ê³  ì–‘ì‚°ê¹Œì§€ ì¨ë„ ì˜¨ ëª¸ì´ ë²Œê²‹ê²Œ ìµì–´ì„œ ë‚´ë ¤ì˜´. ê·¸ëƒ¥ ìž”ë””ë°­ ìžˆê³  ë§ ìžˆëŠ” ë° ë”± ê±°ê¸°ê¹Œì§€ë§Œ ë³´ê³  ì˜¤ë©´ ë  ë“¯í•©ë‹ˆë‹¤. 4ê³„ì ˆ ë‘ë²ˆ ë‹¤ì‹  ê¼­ëŒ€ê¸°ë¡œ ì•ˆ ì˜¬ë¼ê°ˆ ê±°ì˜ˆìš”. íƒì‹œê¸°ì‚¬ë‹˜ ë§ì”€ì´ ë…¸ì„ ë¬´ë µì— ì˜¬ë¼ê°€ì„œ ë³´ë©´ ì¢‹ë‹¤ë˜ë°..ìƒê° ìžˆìœ¼ì‹œë©´ ê·¸ë•Œ ë„ì „í•´ë³´ì‹¬ì´..."
271,5.0,2018.01.09.,This is a great park to visit. The hike is short but the views are fantastic!
272,4.2,2017.12.27.,
273,3.3,2017.12.25.,Sunrise Sunset
274,3.3,2017.05.04.,
275,3.7,2017.02.02.,
276,4.1,2016.12.13.,ì„±ì‚°ì¼ì¶œë´‰
277,3.3,2016.09.17.,ì„±ì‚°ì¼ì¶œë´‰
278,3.9,2016.08.26.,
279,3.5,2016.08.08.,
280,4.0,2016.05.09.,
281,4.0,2016.04.14.,ì‚¬ëžŒë“¤ ë§Žì€ë° ê¼­ëŒ€ê¸°ê¹Œì§€ ì•ˆ ì˜¬ë¼ê°€ê³  ê±°ì˜ ì¤‘ê°„ì— ë‚´ë ¤ì˜´.
282,3.5,2016.04.09.,"â„¹ ì„¸ê³„ ìžì—° ìœ ì‚°ìœ¼ë¡œ ì§€ì •.

âœŒ ì˜ˆì „ì— ì—†ì—ˆë˜ ì¼ì¶œë´‰ì—ì„œ ì˜¬ë¼ê°€ëŠ” ê¸¸ ë°˜ëŒ€íŽ¸ ìª½ìœ¼ë¡œ ë‚´ë ¤ì˜¤ëŠ” ê¸¸ì´ ë”°ë¡œ ìƒê²¨ì„œ ì˜ˆì „ì²˜ëŸ¼ í˜¼ìž¡í•˜ì§€ ì•ˆê³  ìƒˆë¡œìš´ ë³¼ê±°ë¦¬ê°€ ìƒê¹€.

âœŒ ìƒˆí•´ì—ëŠ” ìˆ˜ë§Žì€ ì¸íŒŒë“¤ì´ ì¼ì¶œì„ ë³´ê¸°ìœ„í•´ ì¸ì‚°ì¸í•´ë¥¼ ì´ë£¬ë‹¤ëŠ” í•´ë‹ì´ì˜ ëª…ì†Œ^^

( ì‚¬ì§„ - ìƒˆë¡­ê²Œ ë§Œë“¤ì–´ì§„ ë°˜ëŒ€íŽ¸ ìª½ìœ¼ë¡œ ë‚´ë ¤ì˜¤ëŠ” ê³„ë‹¨ê¸¸ & ìž…êµ¬ ìª½ì—ì„œ ë°”ë¼ë³¸ ì¼ì¶œë´‰ ì „ê²½ )"
283,4.4,2016.04.01.,
284,3.1,2016.03.13.,
285,3.6,2016.03.12.,
286,4.4,2016.03.10.,ì˜¬ë¼ê°€ëŠ”ë° íž˜ë“¤ì–´ ì£½ëŠ”ì¤„.
287,3.6,2016.01.28.,
